address,amount,tx,status
0x762B7D62aCcA0d9A53B44b7Af3f1Fd68Ec6128C5,11914.893617021276440937,0x8e6fab9bceac4d0bf3623622e8eaf695b65121f4edffe57b7108a4fd1c351ca4,sent
0x66672f4CAca707978FBF29E216946aB981592dCD,11914.893617021276440937,0x09fc1a47574059a6fc4e5023ef14bdb72979a99e4bb5a52333be2b127429e427,sent
0xF7130Ca580A2685C752865baCD54Cdfcdbdb63b7,11914.893617021276440937,0xffe3263021f34041fc90be0ce33185381daa872e5022b08ddcb6f234ad61e81d,sent
0x6Cd73a474Ed0ce1e3F3A12433Ac51f228032f659,11914.893617021276440937,0x1d7faeca3dae514779eddf57c126c1e629ce4d9c36f8c2e7e9d395dbda6ab51d,sent
0xd9649a43f9E4D5DA3BAE1ed2946296FBc50c6146,11914.893617021276440937,0x7204a29cf2c47cbc355fe062cf54eea437a52400087ff6961be416c1e4dd4b82,sent
0x5d838408c41E39E3D028bf9ac28546540D3bB274,11914.893617021276440937,0x835ec0e19c18d594d10b29cb153099c570802902f0ef1ede3ec85a8f1e4d1e66,sent
0xE3b893c28434e145105c31Bf755e1164c8AE6786,11914.893617021276440937,0xdab011edd1c5f981415fd038c39438eee60aa77016320b6a58388fa80b02c194,sent
0x8037BeeB14e32D5877FF3701b8cB2C8641AB5f01,11914.893617021276440937,0x0796436d1fdaef708c2b2fadbea3c914d6e36f5533fc5414c66fd2f707b99057,sent
0x48f6e04656c427c32f03edc4df8505B8fdf82054,11914.893617021276440937,0x5538deadcdfd091e75a0b75c5ce510cad88324c259b1f7b55be6a5cf18a87850,sent
0xC741747167CEf213B94F3e4d2172abE8C67CC6Cb,11914.893617021276440937,0xf63e1dd9a300394312f5f2f875c656ed69cc913b1ec55690ea250eba96cc081d,sent
0x577904c824e418CF7cCE0a64f00c3F368802956D,11914.893617021276440937,0x16cecfd6115f115e20bef740aff0c03220bbc82a56f376586ae16f1b253e4b0e,sent
0x0390E6947946b9e2587133f76F273a524CF472b2,11914.893617021276440937,0x680c57358671ae254da8e2a57573a76509b3abd3ce301ca2b33796a2e1dcaee6,sent
0xEB36429cDf098284B3C30b337BC9A8D5540A4838,11914.893617021276440937,0x7615020e1a30d541ef5ebf95ba203714a01ef3d03d3d7f3547a4ff28deb2e849,sent
0x57497F583Ef737b7A56c58E08c706DAF95b9aAE3,11914.893617021276440937,0xed5d39e65ae9d6b6f22bb81ab8ac38543cd856bdd04e1894fdb73eac5286f1d7,sent
0x31Dd7dd350B706917c68c3cF309F501774924c9C,11914.893617021276440937,0x6bcb6c5497aae79f1de67a82dc535620c2f9f875da871914e5529120c324c6bd,sent
0x0481f3475FBA7C4bd27B86DA58566F612833FC59,11914.893617021276440937,0xbc0fe01e935b9372232cff7740df597a86c34ca5ad3051d4f50de6f8afededf1,sent
0x67818C469EAaD100b7398eD9B1305d46edf4e975,11914.893617021276440937,0xf50ebaa25c35d9631744b440d7652e6c76cdf60a2ff84d1d7204381d1b21b59c,sent
0x922d7AEee7048e09e0ff2cFeCeb4a63DBb03Fa78,11914.893617021276440937,0xccd67988f35d0473009b52dc29115a6af62ebb22d67fa6dd7a7094cb7e245c88,sent
0xACde806d0fd582bc0cF80575322841D726D49f38,11914.893617021276440937,0x68f8018eaae9ae83b70378fa59d688a91f7f67097c87ccfd8b6db51ab149c8c8,sent
0xD0FBE73D00b0F6A7f875BB4a0308702c3c95918C,11914.893617021276440937,0x13d0249531549e21d42cbf8bc83bed911e65a9134830ca3e8bbced3c7db2e332,sent
0xD1B4dD8D0B3b951a2bEb4b3bCc9714DDf42BD61f,11914.893617021276440937,0xce8873aab7649a09c44dc90231e6478da45df1180265a997f65af99d9ef23b82,sent
0x0Ffe819Ed1358aeF818D5Bd75c8642Ff9b8AEFf0,11914.893617021276440937,0x7ff436ebfe19d394e96ec6d0dc515eba286a3bd44a54a53e04ed793f155ac3b6,sent
0xC269f4399Ecc525670707D662d14B32339558993,11914.893617021276440937,0x58d44adc87b54ea15ff784680f50105ed74e6ddf499d3618fbd5c2a11516d86d,sent
0xBcae219Bf79E624a9f41B81C2627bC21976EC255,11914.893617021276440937,0x6f099f922984f41d901da21f8d3be5ec3d98af95c7191c92698354eff3ce81bc,sent
0x6eaD28943A0F97B7BE040D66FA730C76F2A98EBE,11914.893617021276440937,0x4ee9c9c1697e4e51065ed5a6033913da562b3cb1316fa8f6671cd5315527802a,sent
0x996a5263D373690B71a9198f8eC2dBb0Eb27ba06,11914.893617021276440937,0x84be807a8e7b837ab09db9a6dd22a83691b44c43fc7f383aa4cffca0e036eded,sent
0x73D52B1682c1c91f401f6B69615e58167e594C15,11914.893617021276440937,0x9f06743ed282d45b44c93a1065de457de7f31f8fefd3667b5709b32460489396,sent
0x5726f460F943f9D11992BaD969Dae54410fFEb86,11914.893617021276440937,0x4141cc656a70789a0204aabacb4e4418ebf3deb3999605061cb07cebf18bc24f,sent
0x85c31df177A97a25bD7Df177566A438422d18a5B,11914.893617021276440937,0xe0932d87802c7dae348cd4ac9ea732779ed9a387c0b5ce85284a7b52d8cdf317,sent
0xb3a0ADcCb4dbfDEB2213d54A44526699d2c0c57f,11914.893617021276440937,0x07985c47bfc82909dee9434e252c6a04de2e0aee2e450f74375fc68b3eefb423,sent
0x7AF60A0555276Fd50c0109Af193f2EdfCf37a1f9,11914.893617021276440937,0x33e67975aa2a986237c558f323e5dcefef7ba161212086629d9920d63d543547,sent
0x81681Cef95aA0f8D6d3b789C2852E5323BA95F28,11914.893617021276440937,0xd27e8e729f8973f0e40152df6fb560dbdb8f64ff66bf146f3f84f4878b6b3fcd,sent
0xcCfeF17644f53f08f5f715b45FBb847F93242260,11914.893617021276440937,0x02b29e5c4588f8e5365f79ddde7dee9fbcb7d9f1b71ee8803aaa4d3cc95b5e0f,sent
0xe0feF1e38B43b0B519D01828d983ADdf749213F9,11914.893617021276440937,0xc0760176f54f796c93efb54ca57818cb78bcde819a606853b30576e606198e92,sent
0xbd393Ea52cfB2a3E6725bE7E4ADEb941E8961274,11914.893617021276440937,0x5c8791668fd1e31088f6492e5c14c8d9b3e63ec7fa4b975fb09c61f93d2b224b,sent
0x37B31e9a4246454Beab11d92800e9c4A5A989323,11914.893617021276440937,0xed254015bcffb7a833c0d4b58bc90f02d47df544572170572b64f49bc7d501ab,sent
0x4b23f5F7D4fFD87a63c08ca5673C3f4983e4FB58,11914.893617021276440937,0x95391347472f121872543b21d27a392de4ead3254139a9a9722f69d5814d29e5,sent
0xDFa7B881A803a60442D29D4011bcD9cCA4161a0d,11914.893617021276440937,0x307322d27bab9bca83108189e52925febffea51861ba8955fe80f0bb4aff4f2d,sent
0xDe6f9C0fcA24296163fCd40483Df83e9ced423e6,11914.893617021276440937,0xb6014165949a94317fc1e5fac150b8a8a8a46765e3393961a9876f81273bb880,sent
0x54C070a7Ceae69077B5A17D8b2bC2da722851e9D,11914.893617021276440937,0xed536ffce7b72549da27536d62d6e59c92453cfda4f5ae9a0fd6883c3bd36bc6,sent
0x4f9577e010fd1A07Fe8380DB824Ce0aB30F81335,11914.893617021276440937,0x944ddbd0466c52ee54390f7cd2e7176686a4a854115b043da8fc13906fbdbd62,sent
0x62ff42cfDD144f91820a067C5Ea869D641B7D303,11914.893617021276440937,0xf8cd9ee22fadc5bcc79ef4cc16cbe36e1b1625ed458f177936a8ca0ad1fdf9b8,sent
0x588ef9BeEea617241A2778a22A101718912D4c83,11914.893617021276440937,0xfb4c9f1482195cbac4be4243eba059c31f15dfdb0ec6b17ba0449a7c2c9a4d22,sent
0x6a7961De2C34D8201D5d9AE102aB60376C615aE1,11914.893617021276440937,0xe5cac9d81ca7eef8b07f6e7457a086ab94b2af7b02af95aba59a7a38fa418e80,sent
0xD3aD22537D41D8Ae58B6a98da6e154C9020959fc,11914.893617021276440937,0xf6cbc488621fbed20eba96e1d554db56721b990d09e50c833298774abd7a2e92,sent
0x4393bc52f9E0574Bd08ac080e2c6205135ea8240,11914.893617021276440937,0x7eb7b14d8dc8266bff2d7c01dfd75e0a95ec2b49e1d9d7992e8c10febc13c9c0,sent
0x29643d67bf5CB4eb23634B85DBC2dF5Bf6d354eE,11914.893617021276440937,0xd18e378c35b0545e472a85cd86fe4909d524a27f4dd8c969c62f5a1cc460a555,sent
0x310c0227Cc16F57658Dc7BB67E8c827c8178599b,11914.893617021276440937,0x9b13fa4ce4d6682e2cce47859ee9fdb334658adc33e12aff90fa14c0c619de8b,sent
0x88b206828c049Dc86658734f310A7034AbdDb4c4,11914.893617021276440937,0xc49c3d6f9c51e95b68190dae098446fbed9bdd7ff5a3415e9c831de086e8353c,sent
0x9eB40Dc0210662dA9669B2A3893D74a0919bA12B,11914.893617021276440937,0xecb607da652029df4f2e4c9d9631e7136f033271277c57dfea78ceca0782087e,sent
0xE249b6B21991C2ca36C8F88e055646c8F85f3649,11914.893617021276440937,0x6db01e1b1c67a052a43e358506d406205960c4cb515b3ffad67a8cb78d9228d8,sent
0x7Dc5B2c532C12d6be13f6BC67D74406c30854e5C,11914.893617021276440937,0x214fec7ac5c541547fafc344f67794b877a284d84569208f5ef060fef678f6fd,sent
0xCdCc02DACb12Db20DFB0f8000bC5924B2E9B4CF2,11914.893617021276440937,0xd7da1984492174e7803f98d8805fe2f4f55b187912922013b21e371201120e6b,sent
0x2ed4Ed819b0be6305cD160c12625DDAB2654012b,11914.893617021276440937,0xc638cc8f67c814b0ff191ec0978e9264f821096ade68b2f32dafb492824bac48,sent
0x0b3edFBF9d4e2c3DD75512B4eE4915B553D89182,11914.893617021276440937,0xf9908ee3f0d96d421ad081341c7c1ed251f6e1011bcc713706290105f574490c,sent
0x14b67137F3a9d895E76dDb199E24a40bBE0190A6,11914.893617021276440937,0x4fac72903d27a809aa52fab3b9cef0867c0192557ee3e8ab8607e7fcf00d5955,sent
0xa9a13C1628c0761ee75Ae0B2D233e0735b4e96c3,11914.893617021276440937,0xce1d853bb4eb3399f3e62801677c00001893df74b730c3a2f35d9562f3927bbe,sent
0xD9b9a70657Dec48A1fB0cf8512C0C50169a00903,11914.893617021276440937,0xc3bcd10f29b304c8a02645ed46ff80bb60c008140686affa3428407daf18f28d,sent
0xbbD3DD2Ccb3E559B6b7f494DD516BfEA3AC97902,11914.893617021276440937,0x3125b25be7c88c7879b49700e8ee32322de7a741fcbb078beeb57b89adabaa19,sent
0x887A4721f6d87e0640Cca8De2a244d6FE614ca81,11914.893617021276440937,0x1d5bfc5566134c790c699db6a5295ab9bb80d58b3cb5eb693c19ebd1024d66df,sent
0xEfb4371EEF2D3f512733016a1a90196A98bd1b92,11914.893617021276440937,0x64af8c9b09d6c09801993af4594814d98373ec8d284f7288b3066889842e40ed,sent
0x64ABE4a0B68CB137162558E685f28Aa577e19016,11914.893617021276440937,0x12c3350acdfc3cf9f5e889334a8993debaa7bc5dfdbb64ebc7697d2f625343cd,sent
0x9635C7F095A1E2A802b16292b05959b5e31dc2C9,11914.893617021276440937,0x936b287e3a99b098f578ea23449c5cae2fa73e8b41fac33164427af00b0e7b2e,sent
0x8D6a16c6109512bd9CCb50B603fd68130BA42Bc1,11914.893617021276440937,0x7f51beaa4c365b82eced28e96c8e845ecc7477d29dbd14e77c5570186ee8ff78,sent
0x76f2590ECbF2603cED687a570Fb92FE28CeB92e5,11914.893617021276440937,0xb51e9a84890f6996e196e866e562ec15b8713d61c3e2d5cacca1f3b6b2991926,sent
0x989b9Df19564BA0a62f3d426E4FCAa4FD567C256,11914.893617021276440937,0x70da8114319905850bf12673a6523d1354e1d4355099d6e0ebcd580282907321,sent
0x774CC8869EC78965Bb21D2320b457d6b61C06bB9,11914.893617021276440937,0x4d021485abb56cb4f1d60fed7d346ec6a0e19f46af8d5322631f306f7e9cb17c,sent
0x95Db9d369bCE004E340c8E602AF0d18c904E9119,11914.893617021276440937,0x8b4f458c6fd76d6775949ffdc4b407d1931ea214ff90122448a57a43229697ee,sent
0xC19e4298F99D5e4dA82462E90661a970C7a4EFC9,11914.893617021276440937,0x72ec518d60b53addb41b6607d22b89b0b092d157266a5ac59bfa50aa821d3289,sent
0x93107a7e6AC796483a71b240eB98c5911b965bBC,11914.893617021276440937,0x6d41a616982948a959512b703d9627f3bfb81bc397e396efaf29448c27150a65,sent
0xF13fD422E02A7976b05574CffEa0BAC0cf954c91,11914.893617021276440937,0x4840172da3dd150d5cb56551a8f796e48c369cf92e3831482d6da0009154339b,sent
0x4005D6A15Dddc58F6cf3bFB7774D2456386e0262,11914.893617021276440937,0x11243600a2908d7ce210acc7aa1db132e31b8f0519aa57c834387cff782d9fa7,sent
0x244CBd298291550309d052D3Ec0B4506F7AA7Ab8,11914.893617021276440937,0x09b59180718127964b641304e8a2759a11c960c7394bbe322bd7993ce24e833b,sent
0x85189a9C0Eb7e2DcD5754E07144428B6E28b50c6,11914.893617021276440937,0x0a332484d3e2a30029a257ca1e6971038f76a3357dc734fb1f19dcb28aeaf98e,sent
0xBA5f519F7413680Cb8D7527325f76cf6eeB0862C,11914.893617021276440937,0x3b77fd38210295d50059f3674dd8682f1706236b723b2f8c475873fbd3b01ed8,sent
0x7e576A2CDaf014e0A7e300E21Acba44eFDC3595a,11914.893617021276440937,0xb1e1f9de190b8a275e1e45775f64c022136f2ec3b1a7be7a0f0d92242f0163e1,sent
0xa43aC72C724860960DF61bEE50deb56692B1223c,11914.893617021276440937,0x76e9f2a0eb5991939d4e3be994b612d971bff3fa36bd5fbfed74b060cc8e2ffc,sent
0x1C4727520243cEFF37bed2098d3431076852deA1,11914.893617021276440937,0x06f5969b3d8364ef0e0810ab5346a5772517fdc7514fedbaa24706b6ebd8e5fc,sent
0x244e8f80284E36f78F216d0218450677A5f322F3,11914.893617021276440937,0xb01245cbcb074540fa0dbf738a37b2896543e18fb14d24ec01fac61a13fb6e82,sent
0x2D1400C8702DD9fBA1532DABDa35Ce0EE036EbfD,11914.893617021276440937,0x19a7b6a3bd0fadd88b49109498096698a343906ee1ac3118a4b0249ccd4b88e1,sent
0x4f732ecF7aBcE1eCcE24eFEf3662EEEd2a31cF53,11914.893617021276440937,0xc38ae4dcbf67a733312d80eb027490a3da0d580097952b462cead68840db812f,sent
0xa0044fc5993e938C31eBE3CE1A7935449C264D59,11914.893617021276440937,0xa5bde1ab102e40cf472e3cd77e7c57959452da8d4c4b4e2d8ee717ff36a22a8f,sent
0x2Cf175170659D2b09b65b1D4Ac21767DE1fa347a,11914.893617021276440937,0xf7aaba1955cc85e44277754271d116d701f9dd4b47d10fe9e8e1c8774e90aae7,sent
0x4027B9E1A23B1B5140e4199dbAb6d579e79C86AC,11914.893617021276440937,0xc9a64e447e3937a4cb112402efb50774564aa8c3380adbe9062ebd188acd5130,sent
0xF3435c8c65F85AD68aD593E427b5B4963a732920,11914.893617021276440937,0x63c9e10d9aaa8cf1aeaa65668575e6f8835f7348679b0e933e153be33be13ef1,sent
0x1EBaE931939FB3029478c6973cFb2F15928Cc949,11914.893617021276440937,0x0cb192ca2e73326ddc6478a29ed5e21007c856a4ca6c834229361380b639b3df,sent
0x00edB4659CCf7770a96167a1176D8C4EB12c96fb,11914.893617021276440937,0x849e8bdd4e729db91da74fe6c0e5a1c2299294de79ba41afbcf4ce98233fad62,sent
0x5bAce49e83E9AdBa3aeb4eD255d7B992B300b577,11914.893617021276440937,0xaed206ba89cd32f549593c68924d84c26c5874a1bc66b60d336fdacde32e4dae,sent
0x9bd6C237bd1A6dd317cdD440A15941c0869F5973,11914.893617021276440937,0x81dd8d9d6af3d1e01da6f4d34fc00f130323597c4223f60dac251b3a4961c4fd,sent
0x00ce0Cd498109Ab47Cbb262AA05DA2f5ea2b50Db,11914.893617021276440937,0xb910625eeeb3264fdc237b600b0c85bc281b2f67a011ad4590a66e173174a698,sent
0xBAF21005b95D2c02c62c9Dd2C1D01C27d91D5764,11914.893617021276440937,0xfabdae77f2becb1ceea36f9d06d48e83d3dd0d92a6e6e3766e94b2afa7fbdbb3,sent
0x88062a7681ceec87DF38c677752102be9E330C8f,11914.893617021276440937,0x1eabe2c0cd527acf7e0b408db9e2faa7c561f0d5828b074a3182e152ddd59b97,sent
0x853E8633DA919594259b78eA27ba69ED85ABAa6B,11914.893617021276440937,0x5b496f48d0dca57990e6042084fb6531e7a5ff89dc9ea8076bd5e662678bdca7,sent
0xc059e3ad6808DF5864db05b40970B932Fadc9dBa,11914.893617021276440937,0x7d06af1dc53273b4e2a73f724d7e7b079fbbe96f7ed3fb349bc4da17b94d2397,sent
0x6B2f4f7429EfBF9E7eAE4cD57fC2A904d5706b49,11914.893617021276440937,0x63492aa8e34e94a9797d6141d34600761860134eb08b511901335f409c02ee6b,sent
0xfe49632cFA9CbDAfFFa5FC6AD0525D57767779b3,11914.893617021276440937,0xd5caaa6b8bee3040f856584c84d83e1e790e3d3a2317d207f1463f10d1b97aad,sent
0xa93C015F5ac91193D7bC1Cc4cFAf09c08Fc6C91f,11914.893617021276440937,0xf355399a292538e2ae3c9685f92098cc4c389648904e20129f57c88ec61ff02e,sent
0x451dd33A6d913Eb784D46999383AA06f36afA669,11914.893617021276440937,0x65e26aa587ab0c21995c6fb7b185eaca3176b51487420369586f8758aa59e264,sent
0xEFaB06E9bEcCf9E7A53800391243C366029F6Af8,11914.893617021276440937,0xdd3c996120b817915faa906aef5a3a6968688ab4a63f6857432a75cc34f600d5,sent
0xaE9BE0907f94f7BfCac1795B5789ed31a80a3E5D,11914.893617021276440937,0x211e9b4d801d3f3fb44167cd84a17d3fb40a9f6af5a30818fe4ba4eb09a12ef9,sent
0x8Ca1b18a6239e3407afB39d560515e976a4EbBD8,11914.893617021276440937,0x6d136d9e41fe7715802db3eb39a19376afc1c17a06bc3256e84d20bb8835fb4c,sent
0x2F24Ea7E266a8F64EEf111683a9f82Ee894E4ae4,11914.893617021276440937,0x743b42dcc78cbeb48c8c247e8418c0d63bc8834a3ac87de89ba0c58ce45f8fd9,sent
0xe2b65C523CdAA74F8F9e80a98387c678271f2725,11914.893617021276440937,0x7cd496eeffea04a757cc7e6a385177066f9b8254219b7a4bf8759e5cc5aa0fc2,sent
0x3aabe7E086A0d4B26024066Cb25A2a8BD2ed7D0A,11914.893617021276440937,0x11a799f6370152424b3ab827a66aefa2f5abe34602b35c4bec4f717f63a34d38,sent
0xa8e3716CD4a457c445f0F55FCd1079B8d722890E,11914.893617021276440937,0x113d65c21d7c1794c4d34573d2ccbbfe75cf1fda3a19cf6ba700c87e902cec6a,sent
0xD05C653AF171c35186f05D005C5A4380286904c4,11914.893617021276440937,0x4cefe27c26b3593ed1fd83a9cfbe51e5d630cc76ace00ccef76c3c6bcd4d087a,sent
0x756B90f3496A3b70E642031b4641C11E310105C7,11914.893617021276440937,0x795f59ebec0df5c95da5216f0786fd027b04c38ecc8f35fff863aeb124d54f9b,sent
0xC2a51FBfb962Fa62801c530CFcD3CE49581b93c1,11914.893617021276440937,0xca377bc419fb11c7d6b6d89bcf077edb42cad718286c1fd1f3a1c471d066c36d,sent
0x2Ee9E55782Af8F6edff443300FB8ebCB61Ed1BAc,11914.893617021276440937,0xf57585eb9f87ddb70f25b99fb3c9d743def4abb37c4be6bad20978f3bbf17300,sent
0xDc6657a6248211fc5Ee9ebCbC04d809049fb475D,11914.893617021276440937,0xe3507544f755da46f2e0b58953b0b7fc1246293d4955d56d34b2c068f720a937,sent
0x34C35d7032AC11f4E72e3D6e038D23637b289b95,11914.893617021276440937,0x93eb40d46edc818e86b3a07dd9ae44c42cc0242077320e9a9545102d75461b1f,sent
0x7aeFb6A710A60952040b4f9f9c57E7e6D030055d,11914.893617021276440937,0x3d8436f2f75bc9196de6a5d6e075250df93f3205904e2bee74dfa205185780c0,sent
0x14477A52E50e249B887BA71541dad3c1F819d11a,11914.893617021276440937,0xb246c1a1a2f1589b70152d91fee0d5f60de51a6e372f952512fbf35cbcce47c9,sent
0x80C0b5d58297f4051215D501A536d076AdB8e01f,11914.893617021276440937,0x466f50322a55bf76e3d10720b6cce87ffe7e47f0f2a40c066f4f31ce163ed222,sent
0x2d3b45888Cf257b1Fdca6CD5b61cB4fab4127aE6,11914.893617021276440937,0x50f682f71eefc2f519a867b19140ec895d70be5e39ecc927998378873a9d0648,sent
0xbd9622Bd52e7267C4B15D06C777f5f5099cb565a,11914.893617021276440937,0xbc8470a5f2c4a24741163068e81e7273a0ac4a96c350ef5dfd91f2aab0786669,sent
0x4d86A37c1dADC77cC29D2c147a48ac6Ff388D654,11914.893617021276440937,0xf6663ca392f5e4abab8220ca94bf91d1fa9b720b18d4955be4ce9c3fabe6862a,sent
0xFaAA3B9132913923d7FD7eaC5b6d58C4C319b6c7,11914.893617021276440937,0xa171f751c960f89422629ea4dd4cf5275174689c9d34bb4638264826ce810c2e,sent
0xe2CD7F4c117D326572C737edC96c0E5c82509d00,11914.893617021276440937,0x1ba7923f756665134a9f2d5ce13231526b72a3a853a67adff91554931d9f7aef,sent
0xd91062B3be2b85AD1A56F114C5F39Cd943F97E85,11914.893617021276440937,0x12b322919b16e23ae4c24ebb0a9c9faa63b9a3b7f3beb24c1f84140f3744887c,sent
0x42D01C5d278a5aD561a27dAb2215d828E2E52CA6,11914.893617021276440937,0xa6ed5589d7cdef75f540d37b28135a39829f1a1183eba6880795bdd4361d1e91,sent
0xB686E39D11Cf5365a5378e22A8C866718d1E3103,11914.893617021276440937,0xa6a63bcb3f6f31d227e76133107ad0e3eb2fd63fdcff12d60261f7b852282951,sent
0xFD5C5bCBC78062F1602cc13E6fCF8E7369ACF53f,11914.893617021276440937,0xf01098008b16f3e2e6de8f654c18be6cf79f481873e692a118ada9e8a857a4a6,sent
0x6D4b2CE8A439dDA77f6bC6108a0D6814BdeC85b4,11914.893617021276440937,0xac4e18a3f5b769e6346a4d6c44b0159df8b44b96eb056f240253cf300f29b120,sent
0xaA328629225fFdce66E2180d831ce2441a80d006,11914.893617021276440937,0xfa7a2808c9a545e8ff6263026281b28f03a281416ab042c71a3fc3f97d3ad13d,sent
0xdF1f76E51DA2565a80aFaF6B087034Af936b0ad1,11914.893617021276440937,0x0e05e3effbab9fe1f898153c02deb7fd2c81ccc0639fd652c9feb37663c12e93,sent
0x6566030d0e8FbCDA84fA47f76205315fCa67115A,11914.893617021276440937,0x3d25f85cac37fc84c8abd0ddfebb4c692d43b14156c85dc2df7aebdec1802b48,sent
0xd06460D196000cb2327D217f7a753DC0DC16c81b,11914.893617021276440937,0x512714fb3e2f9400c183ff0184e28912e6afee301f7bdaca00ed60b4fb1f93ee,sent
0x2aE6dcFC71Fa4831E10786F8aB25e7142CcA2856,11914.893617021276440937,0x459a3a75140dac2c174bc556b07608b050050a282a13b58bc457ea17f551dc34,sent
0x14E6c48A9d34806afE63cb5421181F90BB04EED6,11914.893617021276440937,0x1316cc167d734aa667aea7ceabd725527e0620ba8641f8fb40105c130fb9fe7e,sent
0x001F906F09B9D174Ea807f3B1B89E697BA6FaD87,11914.893617021276440937,0x18ea1fa2272134b3aa64849f8e677aaad5defb847512f812973b0e8e66b72ebf,sent
0x4A14636038B106796319024A2A1E653538852f3a,11914.893617021276440937,0x1be11c9e1665ab82229af89c7eba2b159e14d78775b76e1c030a2c9ee2bc8e97,sent
0xA9f63a17fa8e4b5618c5C48e41d713400Ea8DcA8,11914.893617021276440937,0x8f5b5681382836408d75770bfe68e5b278fc082df1ed85a3e076096afa269873,sent
0x66AFe0dC2edA5aE01064E5bF03E9679EdBa25752,11914.893617021276440937,0x937a1d843d02db3abf135532a456d9ea2394ce273f71ba9a04b8ec3a2795cd5b,sent
0xAbc3601129246C08fF298a4Ab52Fd3bf6DC54BEc,11914.893617021276440937,0x472805dc440667163de552f9bc1c69652bca4be416d13fb74fa0eec9f936c2c6,sent
0x692DF82B63e4c39b06059F6Bb9c08105a8dE7692,11914.893617021276440937,0x9c41b16b3e0cd670e9433a59c4b4da719621515da1a554ae9c2eb64e9c958bbf,sent
0xb6f647eF2de9f25eB419696E4c6915484000C0d5,11914.893617021276440937,0x9d310578f552c9ac10149543590d2c4ae783cea17d8f2b0b3cdf00e0939400e4,sent
0x1AB20B36800C3cc65d6879224Ad3279aE02f48b4,11914.893617021276440937,0x5f54677b5136db6fd080d416289650786319ab4b783a744ddf52b67b5d78da26,sent
0xFe6769ea42Aa343B6e310C52094D4eF41f4C99ae,11914.893617021276440937,0xcf71bbb01cbc7d96ccd234da8be81f60a50247fc1519a051252e181ed26300d1,sent
0x3199662A7430Fddc4Ac2968d143EB551222f39eF,11914.893617021276440937,0xc595f4e6c107e886a94099321e04afd9256f544de865540424b6030bbef21abb,sent
0x99C204d9F865579dCcb4aeAD46e3adFA8b0a6eC0,11914.893617021276440937,0x0ea0702fd77728dd9be2cb3a8b53a5093ec2b446a1aded4f2e27e92b04ba60f9,sent
0x730591693EBf1A174cF89F1fF03811f0F54D563b,11914.893617021276440937,0xcdb23815e309101986e45805d7e43ce7bbc6f94abb777e2d2a9c3c1921dd6f03,sent
0x4C82d4d8Ce940fB0ad001a3e73C1902B73c1310B,11914.893617021276440937,0xf6e38ff592ac7b09aa417de9c5d14c0dd24be3ed72ccc43529982345e1289628,sent
0x423f2A9F8fFfdC2cc14508C6026f1907cC011da4,11914.893617021276440937,0x71e400e599dd77796efea6ab872b04a02cc602231b060b80d892f025a5e5752b,sent
0x08886aD1D7C6dFCA5846015312081f3c54f94625,11914.893617021276440937,0xd83840e9ebfe8a797628563ba8e64cb7f8a611358e02a8d509b1015d725d3e21,sent
0xd626261f113AbE87b54F0FDd5c4380393B3aD1F2,11914.893617021276440937,0x233c321946b3413290dfa2503d025137d4943a19d20e7bc96db3be4e962ef041,sent
0xAE2f306eF07DeA0c64555ae333F6Dd4B3F33d032,11914.893617021276440937,0xce4089cc94790b94679b37b5f1c8ed8e12746891f538032ffc08454f7ab8714b,sent
0x74e7972398096F1Ec60F60F6929549B3631a67B8,11914.893617021276440937,0x8474edadbe167880465c86402e18382dfc49c8c3395e766bb056e562ae89d11c,sent
0x4bfbaBcE017f7eBbaB569eC3277c7a1d50eA6407,11914.893617021276440937,0x8fcfc4abdd312feb0bfeb02b1cb9637f036487fb785ba37c3d514c9e4192efde,sent
0xa8a08F495360724468cC74c902b8775050a17c2d,11914.893617021276440937,0x5f1b0c2232f2edff614122443ed760f29d70ec6827c75b794cdee5bc584c0146,sent
0x7bC8D77511cE1a4cdA392204eBD8C4a325018EDE,11914.893617021276440937,0x44278c5df0977edcba121ce5507a25ce08ecd59ceb01646d845a0477a3c52142,sent
0xDeD26b6A7DC42D2226BCA5598cC864EFEa3f6b71,11914.893617021276440937,0x224059efaad1a5dabf0f528366b89166782addb14c7bb660a38524a8e8e9655b,sent
0xE97850Eb21BCDBf02eF4eb52FbE29C9608A5016a,11914.893617021276440937,0xc5f80e1fc84708730369d70f34fce380005e47f946f361e172161ececb9c7112,sent
0xf0ef85eE7a84b34BEB4589649785c36997146e09,11914.893617021276440937,0x571ade72b54f97eacf4c7750321be01af76433978b9eb51c82ddfc262370924e,sent
0x9f459965dD6FbD4F6feaa05f9B55e90E539c154D,11914.893617021276440937,0xb73d34156ef62dd61b274d5149be861fe95e509e70d3e58b3ff81653e5eb6d3b,sent
0xA1bF0A673E555dd35FdBa97e6F9852Fe7434D397,11914.893617021276440937,0xc6e9f027bbb905f57edffcb4fd15d944741d28772412cd0bb0ad7ef33973fc50,sent
0xDDd2c3EA7B8C46572bA2856DeE7a35bE4c6367d7,11914.893617021276440937,0x026a0738f57e8ee35ec74e591c29c007400b74fd1632a94dcdee2c234560863f,sent
0xD3ad19A5070e9dB8ABb96feEEc7190E2a43d46bd,11914.893617021276440937,0x837d06ccbec4459ec0022780c66030b96f00e34a9f8f5da559cc2e7a05ecb92e,sent
0x202F3e11ef72d3C712452E79401CE969e893A246,11914.893617021276440937,0x3dff2dc3a01c9c01f5663fdc9e707a23e43af6a26c3a0906350ad037010d9e08,sent
0x98ccAD9c0aA615abfA491B655223F0D65F5FEe26,11914.893617021276440937,0xd2acb7dae97d1803b184bfb872cd2e3eb28e51f302b6b4829fee33ff811c5c45,sent
0xF9BAc2C60EB72AebaA2D6ec1daB2C345ac8651F9,11914.893617021276440937,0xd0c512ccabf5108714b2ab8a1df2a33cbd436c24d02d6ade559c60a4702c0604,sent
0x4e210eCe47BcC27e5f8F8fb2e881e55859ec0fca,11914.893617021276440937,0xb2437114cd3158cfa30eb37fb5ce56ef24f62add6fd619d76d7b86320471757f,sent
0x8D2b08A9d851Cb0d3dAB133E0eEe4EaAad86221A,11914.893617021276440937,0x33c11bed30a7358243ce8367752dd0c114b14548e29003f01f3b4011272f4298,sent
0xD87e5e3552DC3Cbf2fe13f2c450658dD88143d4d,11914.893617021276440937,0x619f37404da9ea01c75437e949e66b7710d055520c9e205c758515ab6d9aa6f6,sent
0x3e9c046526DCD6D546cEE2c80D37d46B10bbdaA9,11914.893617021276440937,0xd4c69e988073cce9505a18b39d0d942549034c16da3496461faba554cb2e8c97,sent
0xc53A21d693C29c7339a1E3D5167e9018149AEbEF,11914.893617021276440937,0x60bc694ede0c827a8c67fff4b033ad604b2cacef791fec2d1a839ce3c218898b,sent
0x99A2cbD79Ff852b0CCb69dd68DE1CEdc65F6E643,11914.893617021276440937,0xf3e1c9cc4e4c2700e0f09dc8318dee051e86b25dee621ef9a959e605455848b9,sent
0x06147E358586bA5A9aaB00F57A1b215ACA791dDD,11914.893617021276440937,0xf15f7cddc4a0643f3530a47618e53cc7c8818528c66c4fe58b8350a6b7c5bf52,sent
0x76723BdF44FF4B7801Eb043c2A3D05f68707559c,11914.893617021276440937,0x255d0d834947b9b9c73167d46f4853f67090185d7be4946ace4b080cacaa4527,sent
0xc36841329aa2dE3361D3471deC5450F9f1BE967B,11914.893617021276440937,0x255e606fa441f65eb89e1ba4079e8bf9fc943646db8b64ae0904fa5590bbfb4a,sent
0x8D0F8124C2ce9C6181F2DDa6DC72FAB0Da0025Ea,11914.893617021276440937,0xf0f669908c05b38295a3a5c5667c1e977bc6205192908f381055eea53e5d0caa,sent
0x417D54101f8665c71ED87f5cA73E96e19a2E6a7d,11914.893617021276440937,0x536dc535df14714bbe9abdb98c45a49f3def7d98901d8184e0e1d5ee91611630,sent
0xc1A48780749b8d892C1caABf9171AF4e99F62812,11914.893617021276440937,0x16e7ac29f31d3b0445c081a1132c22f30648c20f0f9086776e549212ef245883,sent
0xe038d66E0Bf9F7B415130617C6d5E1D357C8982D,11914.893617021276440937,0x812fd40f7258f5968df639d7f7f6856dbbf6c47b6c454074704e1efa0a2a3023,sent
0x1a3FbA366228ebBfCf795bd5fDF81833DC311096,11914.893617021276440937,0xd81fc1bc508a1f2756c31d4cbc4d52e370e5641b2e0f87a13860a772a93f4654,sent
0x521Ce98A033618C13C8efbf16F47E63865940324,11914.893617021276440937,0xcbcf6ea71335fa39f4812dd6017a586d31aa4f46aecbfc1b58c7700c1657c279,sent
0x592e501305F830691026CF2923031843c4f6B1AB,11914.893617021276440937,0x9363f0a7499f19813ab8030c136c9027fbb5d18ab1126c11a18772f519339742,sent
0xB17F781a93E344aaC6aEF94EECfed7F7B79ce1cD,11914.893617021276440937,0x79a4342a5a99223cf57c4b054c301910aa2a60cb7410b87eb70bfbc64c72dff4,sent
0x3E57e1f3ADc04C2f8e97891A7bbE028FECa42a59,11914.893617021276440937,0x777ed308b33f2296631919ce42200a6eb233c345f544bcd9b79cb5b0cdcb4d14,sent
0x95f51f555C89a5838a590BaDfD247C02cC6d8FFb,11914.893617021276440937,0x247d07cacfbd371bdf52a9239afe385d8f715228e37bc7711b951a3de5f74859,sent
0x150a02c4FE5E755d65fDa33efaB24D362bDbaeeF,11914.893617021276440937,0x3b59e4567cfd808da36d26a83f8a32bdbeae99eda3523ea672590b660ec247f4,sent
0x6eb94D7f481C53e5597a1CeCac6fE67aCB3DdF7C,11914.893617021276440937,0xd466294d164bd2d18503a9dd2c2037c5494e520810dae213e9554b7d6d35ae27,sent
0xdb25bA7f48A5643b06D960448E488e6316F1ae41,11914.893617021276440937,0xbd74233f623ea4217c6723588ca0a0536c88ede15f21890ebbdb43490fd6dbb3,sent
0x9caee4751fEBBfC6c55Cd50B4533DC42e3092971,11914.893617021276440937,0xfede02355d09923dd859ab4f0fbac36f84afe4b2bb80671e31872b79663eefe4,sent
0xaf3574e8E991F46133f90e43dD95fc7401d92724,11914.893617021276440937,0x8341149132e713b36eaa27ea736dce7b24d83aaf2fde7db1f80619b4dbf9859f,sent
0x77C6F905cAB12a5C8f751B89085E6D68750F5821,11914.893617021276440937,0xd815fc6f3cd781faf16b804fae8b19f7514d970e5da8f6c693da3d9f3c254506,sent
0x6B3634c45814AC217E7Fa4C0432113Db23CbF1b7,11914.893617021276440937,0x0b204cff422ee740e99efaa9c77271cdb2c554a0610c867f2a91dd42d47dbf16,sent
0x7a4Dd78A0e2603035cEee6B849A5953Df625906c,11914.893617021276440937,0xf69e7202e7b32390c3686c0182baeaeed9f406248fbc763ad39197e4d42fbb3c,sent
0x18485eD5c36feD3fBB7FB530C6998364aA3CCD81,11914.893617021276440937,0x0feb2b8264a3d0e813369fa4ca933cb47d737a966becf5ee9a42f4e3120be41d,sent
0x1B86C25a23b9A1D36d980b70485D1EE1dC6a30DD,11914.893617021276440937,0xe5cafb6c8e1e17c5097b97d0697414f1e02a8cf96e4aa5211544c81661ee2587,sent
0x2cCE20101d68210251180CB396c158917bBE421C,11914.893617021276440937,0x86861bfbfb99792a1e48703c3bea5b80687a68e747d74fc54d6032de703b170b,sent
0xd2608b9eb01b6620Cce4ed7124FdC120b2E053Fb,11914.893617021276440937,0x37c48e590451f35e7c95acf6f6567f7a9b493b2ec0318ca8c69d74e6a506ca5e,sent
0x6B882C561539387DdCBd3b5C28952C09C6787299,11914.893617021276440937,0x00ff083a3d04a1ef4a33ff715a4cd531e95ce58d3c327cdb88f8672effe1a88f,sent
0x4DD4233E8896587119C80d4bE07390fC8871581f,11914.893617021276440937,0xd944a4b80215e6985c02d1976dbca47f90076ea096b16f302c2fcf6e3946f531,sent
0x1AC0bcd9b0a13775B1C53A18d1FF7aAfBa3e6365,11914.893617021276440937,0x3273f9dc25dc6b6e57857fdc2b25b3fe745f38adcc2f52e80aa6c307a3753474,sent
0x41a88efDe766C801F56458FcEcBb3F150ceD79cD,11914.893617021276440937,0x57413ed9b535c7519130dd49f924565b611f78aba229b441650389670bce34ba,sent
0x01ef166154a9C98FB3ceFDFB8bd255EFB4305654,11914.893617021276440937,0xdbd69bb36248ffdcb261e75e8144c2c75f72a2054bc373671d77d4cc68740df2,sent
0xeBf93C3a3E9137FBb9034D85017CCAe102ab5d3a,11914.893617021276440937,0xabbd13164d36dc85da172f0918b2b144d36e9e0a294af5d711b9f98d2e1747dc,sent
0xE1567D8e1B786f565dae856A52eaaCEcAE58B67b,11914.893617021276440937,0x3c4e5ed16621e6f30c577d8d86446b38dc9ff653c9c9830dc9941fedc9f3f65e,sent
0xa2020E99d2820A1e9A0bd2EEfD7B486132D53Ff7,11914.893617021276440937,0x8bc5d8a04f7bb46736b20ff29696dc7f098edb30e2b4ba11eaf65fa4421ef2e0,sent
0xb9Fd066da4d11416391DAed9662ba4b595fC8b39,11914.893617021276440937,0xa05cbd9477695c5eee13bd1fbaad3c6dfee46c41b3a78aed12e21ef10a39456c,sent
0x2817e9c2135D2a67524d03775Aa55BFA9ce14961,11914.893617021276440937,0x540bd4e868dd8ed93a5bf6b2160205451fd4a8ccceb7f7b3da6347f67a1a909e,sent
0x9DD914Dd3d437268a5bE02e1c8Aa550cE4b2a6D2,11914.893617021276440937,0x223fee8bf90e0cb682d3c4c7883acf0ff7e9b05019d7ec95a10cce64756765c2,sent
0x45A1F823AA458cF995B94cA8A0EF2F3c37ae64bD,11914.893617021276440937,0xda1e1d42af1e012e0ff2c93de1c713818a3eb6081b8c0b7e1be21140328522f8,sent
0xe1dc5AD3865C6a7555fe68eF0646D9644D2e71A1,11914.893617021276440937,0x166e9e3c7159ba34bda9450307b143e4a1256dbb15c437f63d158abda314e2d3,sent
0x59c43dAcfd96653b7e8696c1B88020A4aF2b1650,11914.893617021276440937,0xfb30b79bb57a6b9d1688ac4d35f7afa8066e5f5d46913007b43f0ad4f1e56360,sent
0x81539BE2698083BFc057921b2CD448A1815F181b,11914.893617021276440937,0xf7a0a9f20180f9e3c5253f94ad28f5541708821feed510cb69d1f9ead85a3030,sent
0xcb767BAa18772d44c3827B481D60FECF12dFDB1E,11914.893617021276440937,0xe5b4ed60b99d22eac9128471e7b505afc1ebfc2f0c1cb569f94f61e8790046bd,sent
0x95A658AEff9C10e69b18C3ee1EC627D183799018,11914.893617021276440937,0xfa26f0e995070d8a0c35d24ed0abef78a07285e9e59a254ab567415814908b90,sent
0x3fAE8fdC2EE30aDFEa1a1068E29C7c0e08b46623,11914.893617021276440937,0xf97333e82dd752d58cd4a03477fee96aad0436aa7fce87a146067640d274691e,sent
0xDb4e5EadfaFCb789C94CE3f3264554B807dCf646,11914.893617021276440937,0xbf26fb1c509c36405d0a620704c3b2a599b56b37a006d279b5b9818d2097d40c,sent
0xD77440B802DFF5e56474F0B179f3152Bad573F28,11914.893617021276440937,0x01e9dc5771a1daf2a74864eaf38e67bf09ac26e766154d063fa9d9385e1a4bbb,sent
0x47907682CDEE2EBebbfC42D2ab1f46654566bF5e,11914.893617021276440937,0x421a30f6da0015ffb9ccf9cc119b913b6b80deb3177c76ab219ef8d8e6f40ddd,sent
0x9FA1d190DF329dc74c91871ABa77056B7321A4e3,11914.893617021276440937,0xa84483210b7336f8b202d5d99c03580303d88352b90d4506e1efcb6e26856ce3,sent
0xa608d83420DfAF80BeA5e09327b3B9c1131c13De,11914.893617021276440937,0xb91aec3937fcba1fd238f082e19d2b8524cfa4f63b78ff6aa7ba0f401e5ecf93,sent
0x6683b7258E5A9C1ABd2a9D960324F832B337e26D,11914.893617021276440937,0xce66ecc0b6d9e2563f699a6aa8db2f92463bb449d495512c105ef5e40c71da6e,sent
0x96f8EDdF4774290a524da6eF56Bd58b6B4f6944e,11914.893617021276440937,0x9cc69c6dcf9549a51ff19443fb5465ae90439fd0ac5ec0663385b3ee10802ad5,sent
0xEA8d23ca89991A96f50fE0A2893920772e3D3818,11914.893617021276440937,0xf34cfa1fe79cfbeaf35ca74808e51f4273a937bbaa870e5a1be6f7d0d1eb3750,sent
0xa20963f56B4C747aFAb24D425BaE821734905E37,11914.893617021276440937,0x7a92e3d5490971a8ed8f4525862290fa9826629ee3ce8943377e81472623433d,sent
0xa7Adcf490A11d22FC6D37265AAF3D49a21F7f81f,11914.893617021276440937,0x093e0f7b286b78fb6a5ab8b3578ed4ba85fc23869ee176e4107e25d7903383f3,sent
0xD1Cea4737364c9e19aB011e1d1f5FA6ee53765F1,11914.893617021276440937,0x977fbb30ee663e35b092551cea0212262f86152af5f1642f89dd2874925701d6,sent
0x7D620851154833D67ABc3C8ec67B67b6BeE0e47c,11914.893617021276440937,0x9b06e2f1825881e3e4381fc4de9278494f1bd27cb60f3046ebbdd0c7431f8221,sent
0xC0b9Fb004B53D4B9822a288B6aF7C638fACeb5CB,11914.893617021276440937,0x84a2e9d469fac0e3c00a6925c6f7bd072ffca81e491dff7526d07a90e00e68ed,sent
0xA0fcd82d0812f75f5c97BBfB83EB5A6F7F1e5685,11914.893617021276440937,0xe11518b20b2d9f40bf3cd74f1cf625f39a84256f761330cf6789fbef07f5dc7c,sent
0x42a2C5036567a7F84bC760f58accc3c1DFeD2473,11914.893617021276440937,0x7ce726faf824556e0a61201f6807fcc4966bef3125bbe2e27c1fb390ff398705,sent
0x9a2178f4f5c96979dde5a792a003E0e8edd3FaC4,11914.893617021276440937,0xa1b49026f60534d38d0ec9d2ea7e2949d1630a6f2b9d546f20a0c247901cbd49,sent
0xcc4c7D54A8D55E2C534e57E8fbbc6Ed567Db65C4,11914.893617021276440937,0x7e083e2b151e033659f05306acfeab8b8e4b9f7115b55c01fdfe7748bc05a57d,sent
0xF7f95247EDD76a9B0CBA092f5EdD1B878b84BF6D,11914.893617021276440937,0x0db09f89b05c51507b1eda96b022540e8727d7d4d518d9fa6301fda3fbe0390e,sent
0xb1FE03ff09FD08a3b56010943232aA52a759deA5,11914.893617021276440937,0x3b3e174cfc911ba0dd2e045bdf28a8672048676d5d96b900756495f084d88560,sent
0x254C0629543eD01Fd261bC0E604585b6f638fBEc,11914.893617021276440937,0xfd4575816049065a07215159eea1dc3048d3a0dcb72ea00c0f3cb75940d6f0db,sent
0x7d7030D31221091c1265014FEAD2Daf82B229e88,11914.893617021276440937,0x93a50a54b01e027fe3e185c44b43d8d87959f88df92a97c87bfcf54e31bc0a6d,sent
0x0df0666FD4ba6F1C57b9e355a49eD2a787414a66,11914.893617021276440937,0x541ebf795ead3f1ea0d81bba26de87b525585aa15e5c8c2242cab8c1baf13792,sent
0xd6E5e2c76651bb35aC20D23C5f51107d36336157,11914.893617021276440937,0xc1f8e04099279e0fc6c53e404540c1d5f3e10112d7209b81a4097d3148cf0a97,sent
0x141224D662e05BC45b8F5EB9b7eF017d99b7B1e1,11914.893617021276440937,0x8915bf249b96df8d061f2869f0a7a5ce631569c4e77532181d78b7d6a8593fba,sent
0x92e9D3a9F4764aD24196Ef05BFC89ff96Ff418AE,11914.893617021276440937,0x218a1afed9dd4f5f384c694493b600caca47ea9655af9ff93e1048d764255312,sent
0x8eF41Db54a9110B9a9053E9856C3d87caf308a89,11914.893617021276440937,0x4635ec83929af6c9fe56340a09842683f4e4c7018d46ca1f48b70944045ffe5c,sent
0x4d66AF0FBD538e61914151fBbf1112090Ce29109,11914.893617021276440937,0x9cf3f3285fc3439c9d118ed2236aafd44e14a8b11ad3787a7a142eed6945792f,sent
0xDEa1cE17F2aaBC07E95cE52C9A4bCb58dD0Cc781,11914.893617021276440937,0x4bb33dbb0445510243c19915612e83163a1b8cea38abf75f0bcc3564c7bc1a91,sent
0xaBA63118520f53295EEC4b1cEfe7B34c56668636,11914.893617021276440937,0x10a1033b198f8378580c96c5779656bf945087cef0cedb70aa2731e9bebc1daa,sent
0xD0791E0a2a668F3db594161eCc4a1127e11f06c4,11914.893617021276440937,0x45ada3d21e630c7e410f741e7607d41580a40d8b699287a2ab7f4ed45dd9a827,sent
0x8E4DD9c8f9F1D9e820c7e93Cedf1ec86312E40E9,11914.893617021276440937,0x5c7ecfdd5f655f25a7f1034220487e6201cb71ae6d42d3574224cdc58ef6f749,sent
0xB9477495989A090771013b33F05Cc35675fE90a7,11914.893617021276440937,0xf283188cc119141e028d3425dc52f540ac67c3967043a57b9a604e5b52a09255,sent
0xd511Cfbf30a6AA1401403D9Ffc49FC4BBb39d25C,11914.893617021276440937,0xeea5168294b23ba7dc437f4ae76a5f69208c0082c362a125b097a6ca201fd576,sent
0x53493B521BD37490B2C81907b3fD4746082E0157,11914.893617021276440937,0x34d67724050b3620ec8ec20a29673fe5c4fa98a9bd597c05f76d1453ff7cd984,sent
0x6C7061eC7Bb1f1A23b3Df94E028C68D4AF9acBdd,11914.893617021276440937,0xda2c3380845c7eba4a8f90d2e5ca12e3fa137b118363f867fb169540662fe7e8,sent
0xD1771bfFc78CcF884a9d17B9ca221e228791dEc8,11914.893617021276440937,0x3111f414e98b21b3532434aa7f02301727f2f222211a652c95f230afd68bcb0e,sent
0x485B197B88ab5AB4A1A6a95Cd5BB06E0627E032d,11914.893617021276440937,0xf445a2006b717a3375dfec688145596ffb3af973bbe784a4cca67631f660b7b8,sent
0xe08ec6a4604FcDcfbC8C9F6c3A20552A7E10C6E2,11914.893617021276440937,0xad8ed0a7fab2ac96ebcd230f807cdab8e7f2e6ec6a1bffa7ce08438babf0bc13,sent
0xdf157dEC52634271BACbC032faaE07135e88FAe1,11914.893617021276440937,0xe5852adde6709961acdb2abd7243106188650721bc14d48a78b2bcf4fb9f8693,sent
0x79c54Fff83DcC63a16769FC4f6825301De05Cc4B,11914.893617021276440937,0x7c0e241374fa14210f1fc860781fecde4488fc685c04d67efa5884c92e1d2bc3,sent
0x4C2dC69e7835fd9B50757e470e8B5C902Eb9420F,11914.893617021276440937,0xf590aeecea22c030c8ae898a5d73b927731c87ac9552b758522f0a83a3a41f2d,sent
0x7d8276E4065818986deC0be5f4bFf1977D14bF2E,11914.893617021276440937,0x98cbd862a40ea21695192cd3fcb0bdb3e1ffc5436370e112c00eff82395cb7fb,sent
0x1a7B896eE4f6aB10Ee2D6C8ba962a05AFC6EC4fC,11914.893617021276440937,0xb00fc19eeccd5571f1f97e86d21e7d94e8fbe49dc94c6630a0963e0f7e5f2bff,sent
0xE40b393973f44156362fAFC8A048C695Cce70a24,11914.893617021276440937,0x3588e1effa0d5404890be2502cd7e821fffceeadf21b5b426d217b662afebb28,sent
0x1393Bf597e8c0e0bF2099f215805474420602cbc,11914.893617021276440937,0x011f3d49b7cdcd28ae53aab6cd660037957d873efa92399c6204a817890aa3c0,sent
0xd206152733Bf21BF7e59EaDd1cd70571f23293C7,11914.893617021276440937,0xa7bd3f71d3086a23d638114296f231d847e27c93d338cfbf8da873d22250f9f9,sent
0xb3844bc71C10eEE65000a54e78aBa5BB740D0946,11914.893617021276440937,0x08ff740f44ef4b8fa965c92e27c2a52c50667e9297af5f59063dca3d57d77226,sent
0xdd9e0EB839985756e54C8f72e0eb9C284735bC7E,11914.893617021276440937,0xc4975978cddaa8c7402ceae42673736ffe624577646d981038b717e4129d6b4a,sent
0x7b9C7bdc2c9685813fEa5398C1d4CF9a5009D34F,11914.893617021276440937,0xd6296f3ca2cd17e2da795eae22c89d665e3b5d268c46372117623aac23dfc92e,sent
0x944D0522ce76651E14178E86B96a3e2Ad2ED2E24,11914.893617021276440937,0xcc6409db7a16a135608602f5fddb8517ac99e83f5cf6afeec70f804cbf5a7cee,sent
0x2a84e5713427cf787020Daab3fd1355656eF0653,11914.893617021276440937,0x99ba598d4bf663deed650cc4c8d88760e092498c6a7c38400fdaa89114f90bc0,sent
0xDC029ff2De77FdDeB5145512D68aAA5C2F07110E,11914.893617021276440937,0x5a256854316b9553e36a7ed088454b2721f46e8d77253a2af07683d4134b4b8a,sent
0xA12EAf24C6d5E6FfFe497f8aE8C289a7d57988d1,11914.893617021276440937,0x3490e6d3ae581d0865e832fc446a10adc5f2916015bd83cc6e5131630d375145,sent
0x8Abc945F4405f04e0141D7a6D890600B5132fDd1,11914.893617021276440937,0x2db9a41c1311ba5211e10f5a00ed20268188210684f617ab3f810039b13fb822,sent
0x70185F60B3b099a13506A4de4965dCbf539fdAF4,11914.893617021276440937,0x20a18b05878be962ecfbcc27a4c6f236d545393ed53cc74baaec4690f7e1ecdd,sent
0x41ec45b74450A6fC489b8C2dEd032bdf64d18107,11914.893617021276440937,0xd7493c84a0234c84f4da9275a9e7df1cc195d8adcb909efd8e9f9014e04425d3,sent
0xF39ed5CA6952100CfbbAC6fEFBd5073dba57C8C4,11914.893617021276440937,0x6f79df6cc78b5156f00ce2ca5951b4ba9a8a3219d73064e871784bee660a81b4,sent
0x822E14CCA67d1E499Dcc3448AfEbBD806F1CF602,11914.893617021276440937,0x6169a2ef3aed4e7c98ee85552759ffd2f90b597a2783637d63a05f044642d45e,sent
0xD644c74611EFD7c4D2c7B32961F36DeB0cF9bD6B,11914.893617021276440937,0x8b71e3d4cc1311013b800778d3ffba645a0540664ed42347a4b64df514cb940e,sent
0xC9492840793a81994B790511AB44865652D29BF1,11914.893617021276440937,0xbdf96066b413f6bdf7fd86a69f7bb4113b4e643be2014886f395bd369ea0b33f,sent
0xB4fe37FD6300835a174B84Ef63E04094516794ED,11914.893617021276440937,0x12ce1138c6a8243381fbaae08a0a00857741096fb1eb88b07e8e21bb1f27ecb8,sent
0xb75C6424E9847a9018e6F8Dd048ff489F198570d,11914.893617021276440937,0x72e26eb4661d810c87f324420d8a71cbc51fe5e3c3d03d8a130a6c7d06231897,sent
0x1854c8252FDFE752e39756BeADD0c404DfCb9c13,11914.893617021276440937,0x47338136f02b46c4b338bd8212a5e2213296133937c1be2e0bf77fd725e5dac8,sent
0xEf340cCfD796006B86dE3Aec386fEF5840055AbA,11914.893617021276440937,0x207cc3fc12863dd2940f7f72558d402764c218767b130e876c6af1c46e17f509,sent
0x0df7a4cAF12ec65165c6c0dAE929EF43C6eB33a0,11914.893617021276440937,0x5dd0bfcd127383cb6db65efe3a16d2a21fe651c153718a0cb3013b81c534f65d,sent
0x2e59FDcEbB0186fa2743639a515ed2f133d9f7DF,11914.893617021276440937,0x409d728e5632248718e963b42ff948671cbaf49c4c263f52a5db91485e0dc166,sent
0x17aAd780c2718bd3a2022f33599a1c08Fe6c38aB,11914.893617021276440937,0x69be41a2ffeb872431517d8fc3e86adc3a8b6e6667f5a65720636d35bcb8fbfe,sent
0xA54572039EAFf6714A9a030E4CD4e70EAcD8CDc8,11914.893617021276440937,0xe34fd1bfb8abf8815a2c6e76b4607dd3615de9c26c6241cd8b35c10bd5530493,sent
0x61029cb06B872C8bcaecdD3861f9c905d0883800,11914.893617021276440937,0x77c5d5a7e5c19483e4202d08adb5d3499a9b262ba23475ed7951d011f436d30b,sent
0xc95E63795a7e8647d0B4e7388652d43aD386711b,11914.893617021276440937,0xb0cf8100d6bfcaa514a84235a9dcc645ca9b53bf54a7669cd29cf0831aa414c7,sent
0xe0B74a2B109C1E70A462e7Eb6900C9f83D72C1e2,11914.893617021276440937,0xe33a8ffa6003f433984c81c1b0cd7a7d368d373e601d56784157746eabb810e1,sent
0x5D41a2333F45CE220e068A2981B727c9cDda1906,11914.893617021276440937,0x48f2ba8b6966e82e47cfba13960467336534e231f20193c5f51549a9d7d26cc1,sent
0xc8e3b97268c2D3e70F6040D98176E2a51A71DB74,11914.893617021276440937,0x195a191890fcda5a0091189abd119aeb3373067900c919fd478d7fae37c285f8,sent
0xb6C1F7465aC72630f53eF4282e300Aaf49035c73,11914.893617021276440937,0xd7dd3901c93392a666268d9b50f8cdb019dbc79117d488b28fc8e673dda72a70,sent
0x16A7CBE89E612D2bbD54411F197406F11Ac9bD92,11914.893617021276440937,0x4fc96a4ae0245b3cd1ff06a5cdc8cce56c41d9570c8fa367d74de1bca30186e4,sent
0x7f66c8ECd092dA538a0ADd0a8f10864C0B0F5477,11914.893617021276440937,0xcf7dc22b9e05d5f203853860fc046a5ed03d69745f882db494e2fc1fb1c206cc,sent
0x6E5Fb7888eA1dB86870161Db5F6C86C10394Cea6,11914.893617021276440937,0x152b750dcf0c46d5bd598d05a976d8e0edf0fbb48039a9979eb2f2c1c518f65a,sent
0xDc3e0E1f606a9463C46f894A825cEE2593c77886,11914.893617021276440937,0xf32f2d82613f0e9b17d7cbcb7b79634f72339f9f6b80acdaf527ac9c689e460e,sent
0x836C9B103084afbB298E1D76495153792D6BF608,11914.893617021276440937,0x95b446e45b009c3cf0f65eb5ad81848deec69bf8e485d68ecda39945cfd13a1b,sent
0x9256a4CFE9D60367816bB8F40F98bEa9Bb5c6348,11914.893617021276440937,0xea58bb2f67a93f3a8f571f9ea78afb30506b5502b6669d4e73a611cedd363f08,sent
0x8bbe2261ab52972b2F82f9Fc7E9f1e209ff3dDCb,11914.893617021276440937,0x2abdf1d77668886e46d1c2560dd7bcbffbc9fd192efce51c2d2fdfe03ff1690b,sent
0xA9639FabC50BF12768CA0B48E8fD4bB2109d7176,11914.893617021276440937,0xa283a84eccaf5e8407f455aceec14da0531cb6dfb96dadb1ac0f90b2d7e969d6,sent
0xA51Fc83A63aCB69b927F4916B5315f929E2A2af5,11914.893617021276440937,0xf26a337666dd216010d4c772613fe20c8ec295bf6d9ecf50977f8d9538b55952,sent
0xBE2E9dFfBe5d568ae68e945ec6259C22E94E55bb,11914.893617021276440937,0x07c1caac07efa45f16ec833693714bba59fc0685022636a840ef23ca36424b02,sent
0x576089F1CF0319ee9a85588B91c45832dfdfB00A,11914.893617021276440937,0xdd553a9f7d82fa15741cdbb37bf93527f603515df9ed0e72b638f9e6b797729c,sent
0x0405dce08C59E543b7090845ecc9e71902F0b78B,11914.893617021276440937,0xd18c434246cd20445212d4835312c3d64707f799cbc542b7147cbb04bc4d7cf6,sent
0x2675FD0A53A8bFAB4A0b7F302de288b3Ea0AC874,11914.893617021276440937,0x3b7a1fd4df12746e736bc23fbfa59c811a873b34d682b309b727e0097cc9f7ed,sent
0x06728a01FE6E0D30cC783204842aF945888d19eF,11914.893617021276440937,0x22651104a4f6fc45aaa11334894415c1b871365655490d3fb2b1d9d1c0891608,sent
0x80FC3DdCD7e4c1554f29F1F5e82AFAc6d44D8899,11914.893617021276440937,0x1c7fc1986057c6cdbbbcdbbb81c1600781f1b960b2d456be052992e0e86d92da,sent
0x3559A7faEE0A5a812512BB1aF1478f12BBED42a9,11914.893617021276440937,0xa8bc03443f3e4876c0a9efbcbe7d687e7c4cc638fbd5598968224c92373a28df,sent
0x293DCB310dD57c2dD64737fba73857A0202701C6,11914.893617021276440937,0x8ba6a0070e48bb3689b71d1a1031a0c15932198e0362bbe27dbd25621b0d2b52,sent
0xf54062A5d5DbFB689a35A07b693453Eb5376c72E,11914.893617021276440937,0xc2bc98167a7e0d407ce55eb586238c5663072b6f6adfb14308b7c1f5db5b10aa,sent
0x528bc27BD311b5069ad2c5f2f41411A2E1b919fA,11914.893617021276440937,0x2f43c01ffbc3d9e9794eda595e72c165bc829d515fed28cb6a7b9467e9039331,sent
0xB47da5B1cF2b58db08204513fB4F0A9c5f06e575,11914.893617021276440937,0x48e594e0430f2a0a90fbfd2bc114ceb70d28d43c7fc1e4982a40b6c71e03b48e,sent
0xA7e43218BFcc9263772c94F90E2DA9F924e3Efef,11914.893617021276440937,0xd94c9d214fcb8bdb32601e9a1abe8f19fb261dce10d22964c6c11242d03a84f7,sent
0x996E03721a7FA14205E444BAE7C947803979f8bb,11914.893617021276440937,0x4b2531612ae7fcb8fbf895d234e7fd4ccb4fb2f28345c215393ae83444343326,sent
0x4290D6D6bD31d301BD52AC1e05cF73F2aA162450,11914.893617021276440937,0x16d6597d6c8a248f00f1bb439d2e903780e60f4adf56aa340d6c0a2744d3a870,sent
0x729fF7db0B0ceAFF5cd0B4964B69efF07485E619,11914.893617021276440937,0x6e178dd848c016be2e10f69bc6a0d243653fef760c3652529c79aaddfb1a534b,sent
0xc6F89197F43cB88737461b1910048553731E0690,11914.893617021276440937,0x8641c465018b28b4fdb785ba5065bce8bddf381855161221a6b837fd730d31e1,sent
0xE707c862Cdb596e5546853D1D97120E4cA81d133,11914.893617021276440937,0xe1a541950cbaa947d359cda40a40cd5901f93320bdbdbc61aaae9ad1502d9190,sent
0x723C7579F1C560aeDd5eB7718De1dC5fbb80586A,11914.893617021276440937,0x049ecdacd858cdf82dda5fe3fa4aeae6daf5aa034638d4d5358c8a46372e8923,sent
0x1D0874311Cb4EB120b2f3dcE862b84123Bb638E2,11914.893617021276440937,0xc3cce4bb34d9e834ec31036bd4f604bf651f7ae4ea0312d52783e3dbf759281b,sent
0x173604eF4a8544A9D78D0D9E18f8eb0b5c8e675B,11914.893617021276440937,0x90d6110834ad6416b161c56f550e8197fce8ea94001f9eeadf99e3d2d7d5f44d,sent
0xB417740De74f4B40fc3a635905eb142d2479fF70,11914.893617021276440937,0xb6d73069fa0e7e22e00e291948d7863f0323366d407eeb4bd27e23a52016906c,sent
0xaa9862fA1eB7FC47b47C8CA568bf4fCF1DCfB166,11914.893617021276440937,0x3035acc8151a183d197df633480f6ea2290e1e13528405fc89312dffb147eee9,sent
0x9778Aaa7041F1f2E9D6055Fa308446c5104E18a6,11914.893617021276440937,0xf8665163f057a0fc83f4604597d92548bb060a49744d4d147c642683469be48b,sent
0xf00a5aF942bcC0f944054fB16bc816deB622587E,11914.893617021276440937,0x136d69610899395faaae137ca7525186b0f49ba8c167a15ebff8dd75bd70046c,sent
0x907F106124346Add29dAAEd20D1a08FB46147BbF,11914.893617021276440937,0x398b4f552e99f16781de24977eeba21ab30be79f9bd4e257467d0dc74b5b3ec3,sent
0x7badF1f32e8F08d29dB226Eb60F387918f3F4f84,11914.893617021276440937,0xa3195a76cab57b7fdfe24287a97dddb1b952fc61c7f2b88ac4e0840cd83501cd,sent
0x9a0be89D3965FEA8fEB954EEeB5608C92606b0B5,11914.893617021276440937,0x9b335cc86c71d4ed7cce4baa4dfb839c1c3626afa9b36f394b222908958510b9,sent
0x651A465bCE7B17CD1Ab3Ee89C6f0909Ef01A887f,11914.893617021276440937,0x20588dc08c1c1295ae05e4dcaa3e60fb9c7dfc0ee8d6ff7ab49546c76d8264b8,sent
0x0297349bD437379E1Bae31035df25FBA9e8bBD18,11914.893617021276440937,0x4dc3e4ce5a90488a0c157feb32098eb04918025f3d995989ab8750c61b024957,sent
0x8e97C1AFD0908fCfa47B5FC2C44D11EC263b7dC0,11914.893617021276440937,0x7af53148398a5f9a394b48441690629aaaa9f750f4c94bfafb26f6c872300726,sent
0x6b76e42A44A9e5509AE3d00a75902AD3CA7E0C14,11914.893617021276440937,0x5e4947153231e7aaa4730a908378f2338d034b245dfcfab48e79eeff07e2a8dc,sent
0xD60332de9B10757AfDFE92879839d29126b2445D,11914.893617021276440937,0x82e7ca88a98378f03e1196287d28fd1ec856cf4c8805eec63650efe1c54c8a63,sent
0x39B5d81D4Ab86F6E2Ae989151Ee5881A30656e15,11914.893617021276440937,0x04a5294589176b0f4c08ecf15db039805869edfdd5fd57b95dd25e432d084595,sent
0x3E12842670a32B0084bfc9b43964312100F9A075,11914.893617021276440937,0xb350eef8e7dbc651f531cec179d386e3fb0aa306aaab71706f3e804304b1055a,sent
0xB96F035fdf3c280f73E30cb749EE4753419c6DA0,11914.893617021276440937,0xe6216e15ad5cec04c28a86ff22d46220cbe6564ce674cec45f0e44b8bd37b6ae,sent
0xFF65a372eA46f7858021a279E52E6A13718B595d,11914.893617021276440937,0xb273deb18392cc1ec7b5a987bcbc62dee1370be056fb82bec584ccae5e1fe884,sent
0xBe0f257B0134fbA673047cf2C23bac748564Aa33,11914.893617021276440937,0xac4e28fbe9f6539729ca2dc385d643fdb7d8cb8f8cb510a8ac6123aa7347562e,sent
0x5006a03ce1f7bf025Ce8788Bd7A95001193cE7D7,11914.893617021276440937,0xa103f390c538b1a0e1d6b5e477ed70ecfb21ba3fe90b036d544a3163e51ffafd,sent
0x0f8B2510a176B6De565762CE738E318b51Bc7414,11914.893617021276440937,0xce605a340f5474ef39dd2439f23098b19f4462e975755b7c6853d410c0fe95e0,sent
0x0BDB340fddC3ba7Cd7A4c712389096b4706570c3,11914.893617021276440937,0x130a634629ccbb9b99f214b21d1be8afc31483e130dbf8e7f9f89cc906f133cf,sent
0x7D55288d92838c1ab97897CA9F9ab55b4021E136,11914.893617021276440937,0x27c20c1c7cefd4a22cd03f195cc463d4f1addba95e1b0877dde375ed05b7a546,sent
0x624882398B4932b93Deec6A5A4997B99a3Fd766E,11914.893617021276440937,0x0bfcdd285e918e9fb63044d212586bc0299cee9d40fd1887401b57034328e308,sent
0xd8D5bD2E63886d9eE36D1f61f85D75592d7f4DFa,11914.893617021276440937,0x8978d25d89d419f772380b1c41ecc339c850c737fbd6c2d9547280aa3ff8035c,sent
0xb45B06d9c7d75d370C25661d6329bEEEdefcc3b3,11914.893617021276440937,0xb8d78eecef8a09d7bbfaa7667b5ea70fd2e0482022c5d8f3c6a7bf7695e68515,sent
0x39A87068109A7414A8A1B2158f36564fbBA36CB9,11914.893617021276440937,0x976921b11f6708bd8e824957786bc68ace0ca65eb433fb55f2ea05a55f248567,sent
0xF06d7db05d878BeC749577F3ca5542B78182377d,11914.893617021276440937,0x02e91596a36414644a87a4ecbb60a190e61511f1c353733ce757f303c091c820,sent
0x3228C30B1a546e192eC1244Be1867Fd32F9622f7,11914.893617021276440937,0x84545ee133711b30f4a6c27d59b27eaad6badf1c8d1b2fb13b23b5638f2ba86b,sent
0xA94351D93BED735890f83A2EaD5ED8856aFB23B0,11914.893617021276440937,0x296e4f73b664fd81c417192e7864cd150ec1d3216b13a1020492886566e6a338,sent
0x9De3405b6DEe0a4F06D8912A026231900D8500b1,11914.893617021276440937,0x77c1a91ad4514198a634a7e80b1c59bd7686fc0348cae40abe1a1a2920b2c869,sent
0xA74bB1Ac0895e4B56416EC682E998FC5879d2190,11914.893617021276440937,0x583b2c9ad6f663e6c046fb0f065c646fd2c42773a51603050d785679a7e53993,sent
0x5F215aeAa0bdF9538223094Cb61F4e2814e731d6,11914.893617021276440937,0x0dcfb381ca557c78114ff66a308bdd71fdd7e8c7ff58e9090db9f3a4a8ca5863,sent
0x4cC73337fB73B9dbD385Fc1fecA13B86c83F73Cc,11914.893617021276440937,0xc5c38bfe43c7a6f182fbd53df4ddeca68e43b1b4de27e262162a0a891e80862b,sent
0x880489f9Dc4128b66F0351B4682f905c23e5fC6C,11914.893617021276440937,0x6a2584f31dd9ac28369eb96cca293e8d953346b9a705f621dfa2a28c843aee2e,sent
0x8F431Fb686EfC4443c28a2D0190A8B292D745C4a,11914.893617021276440937,0x53fbf85b38b1bf81055c1936ab95ce7f670aa7419889862c1fdcc321c7a68065,sent
0xE65945B4B83C733557Bd58b8514343a0E4721Fc4,11914.893617021276440937,0x2685a1c92087a1314379f72f7efe17f8242071d9de9e40bdd72ef4403abd43b9,sent
0xF0725C69F0230e221312B4B70ef43D8eE142D405,11914.893617021276440937,0x70b7c538fa919c52501424109419f572c5acb36a8e2b0b3789ad5e19a84a9814,sent
0x1f8c72A26fFb90DaF1f3B8D696e0F4DBf8614C42,11914.893617021276440937,0xc26a229105c60c36bdabb838e97ae706fc52764d36a21dd494650c9004de438c,sent
0xa317686d8F91a23b602f1Ff3CF416bC5cA3d9120,11914.893617021276440937,0xb875decca16ffb84b0924690c495546d3e674848c3021c7de2dab0bb5092939b,sent
0x2999A19312fe2fA040C559D478CeAB6a55942309,11914.893617021276440937,0xdca2f2413fd2c8c3ab354e62352fd71be297b6f31164c1ca00166166d0171230,sent
0x000026A98500849E053676382E981718bb228F7B,11914.893617021276440937,0x1f60a065a2875f0ff03af9469f05818586e9c813a5b1c94d175cff132def705e,sent
0xD686D6a4DB660Cb35644204e7Ef09839A669806a,11914.893617021276440937,0x9f06f05899a38db638328d77df67403cb31b33d5f2ebd986faacdfe974a6411c,sent
0x2EC275aE1323CD5337D1d39BbcB4B46678Cd9d0A,11914.893617021276440937,0x2f6b52374b6cd9af07bb074856f37475005b0113985ff35acda6ae7c7a2587e6,sent
0xB70d4F6Fe5A79fF7da7F41f40D1F1381F663Af09,11914.893617021276440937,0x7d3b6ee12afffe154ee93f5cf1e136c6081d7a346f0f7e215d9e8ac6649843c8,sent
0x3F1076B9d2a6E0E6CCe623E4c8B7Dc8EEEDee143,11914.893617021276440937,0x523b4550bbb1a4e080f83d37dd6cccf0f45b384ea63488e0c258078224ad93e9,sent
0xcD99fE1a3eDF0088Ed8EEF339b4748918FF38843,11914.893617021276440937,0x3ae23fdd86be7894f6e03230fdfe933ac9c2d6d648cea0643241c8962783f9f6,sent
0x9d216825a784112F71D94Db3Faa9fb7EE572351F,11914.893617021276440937,0x9c12ace2b50ea1d844f04ada957369f2246c5a94ca45f76346330041d9dc0b7a,sent
0x2cfBA23Ec34C2e5CE36e7b4E82D70d7B12Da438b,11914.893617021276440937,0x63c9207b87523408bd7320f30acb107b99ed359d438896bce04c117aa98479a5,sent
0x77C3a3dea5DA09940685759Fb37B0f1d48A6d07e,11914.893617021276440937,0x5a95f68afa763b3a2fea943ecb78c9fbff0d79f0e2ba6637d7e84a1effe16545,sent
0x44ABdb6Fe0Dc0BC5Ba5B8710fd17C91FF67868D3,11914.893617021276440937,0x6e159620a1b185d7d705939dae6890c38b1c38054bdebb49a537e026aece6516,sent
0x1255E6718b18E20c11354B38De4C77298Ba9720c,11914.893617021276440937,0x5eb0ee1c645c4c68e0b1217186b3d8d16219564c96de9ee73fd5b399f9405b77,sent
0x3289AbD0c436B07de562042b5b0eA05AA6c69d64,11914.893617021276440937,0xd99b93322f84f0fdcddc1f9e6992700c8bc3978d6558f5a63de72fa8d3094507,sent
0x2FD05772aae10fCdf9c7d542780863dcaD1fD4B4,11914.893617021276440937,0x5e95116c7b16d0d98d4dbb5439e9ad90c0a9f0b31354ec9a13bbcc6cc3e971a4,sent
0x9D12a03752Bf04F72397e6Bb6C87BA4905B61Eb5,11914.893617021276440937,0xb888fd8fcc3d025c7095abf68b7cb16b325199597c335566ee1cf117aeb79e25,sent
0xb11D9B7324CD58735b5605f17606d4DA7C8dDB6D,11914.893617021276440937,0x0c58ee7bc250572b838c0acaa767408979d779e1d68cedf5aa83e6997300fab6,sent
0x34521250d207F0eDfb2780a648e644b3DD97e20d,11914.893617021276440937,0x043886d9dc8d64f0bfbe6ff699d2ad409e1351907c8397509b51753fa88d7885,sent
0x6Cca43C318e897a355C4335CEA930f79085bd4B8,11914.893617021276440937,0x1b334efbecdf4df9835602a1a17e893d7f1fe172b953931a8c8250d10784efc7,sent
0xCa16eb82387Daa571150929F2263B1939F03aCe7,11914.893617021276440937,0x42288ec0d387cc735fce1e42352857d31e7ed13aea42aa9d9c3c2f16373f5259,sent
0xBFE3Ddc7e991E2eF5BB861804B7Ffc1bb2B2c52B,11914.893617021276440937,0xf72b78dc9676a3a13ecf9442369f0c0cf894d3b5a9e42690321a98f1e9773708,sent
0x2E1b083266fA84Cf20eC9d21404d5C532fb19B40,11914.893617021276440937,0xdc5fef65f6db3ab3f8ad7eb9ec1dea998438cb0baf090429eb27965ed707c510,sent
0x144E4145b7D97e815D3fA8eEbeb96B72aB5FA718,11914.893617021276440937,0x800fd7f5cbd627df0f55a5fd2199c96b1b734917c4c1d1618324a08629075ab5,sent
0xfd40300b136c871b3E51AE5367F61a29e592700c,11914.893617021276440937,0xa73cba784bf66cc05664cddc263d71685d7adbb865448d6efa3f2cea537ec3ed,sent
0xD6aC9FaAcd80cCd1e189288945df6eFeC148fC67,11914.893617021276440937,0x8189c62d0c7ef676a4293a4ec45feba3bb2763df6eda785bec683d02c1e9da93,sent
0x610D3150C3d2E7aeE4Dd2BAA8fFd81F2Df682770,11914.893617021276440937,0x53e71d6ae14038023bf54d7628938c14edbaeb7d601ed68a1594c41be948a8d5,sent
0x54292936e0B58DC253762ed23Fc079afC8DF7bCE,11914.893617021276440937,0x95c9b2b2cb7573c33152ea2d89f9890837421f5f6bddbc0704f18862bf376187,sent
0x1F9aa156DE0bAB8Aa76AB6D245D8458E772F411D,11914.893617021276440937,0x9b203096e2d822f4f12ab45937c5852bcbdc46e82efb1a6c039c09b1124a1948,sent
0x2939dfDE682e83C9c9984e8fD98BBA8C42435a71,11914.893617021276440937,0x4ed172a16e2319f9032f2062d6a3d75a739364850fe93a9b68742f1384870026,sent
0xD7D9ae8EF6119A75E1bB3Fb502FbdB191203aA0a,11914.893617021276440937,0x779ab87f1471399f74488b5f070305a415d6552541c776ac9e447d296bfc46d5,sent
0xcc7451010D8Dd2FB51D5CE87a606466DF166e55f,11914.893617021276440937,0x92bdf334e84052c059d56f9af8e409815bf6ffeaca7dafccd4be91cfcb2e3111,sent
0x6eC76d91f7668cC9973328E43AcaD3d31704d9Fa,11914.893617021276440937,0x04da9ee54b9d9bfc4d2f3196455c2a835f09c81aa57f133ed76202589f468f1c,sent
0x214C5001f300aA5D615f031f61e75cE511C61BAe,11914.893617021276440937,0x8e5368de3a2c1de9f493e7ba4640fc63c31c24c8eb7de1eaa263dae8a067374c,sent
0x3FD6BBf12E685c6AedAF8EA31e1D6c6870319054,11914.893617021276440937,0x430e927c636922836ac8f2156418c60382eca5c3ee5d2405702be11dff6da589,sent
0xa4e9F76750a8a00e89AE2e634d5bE2bd8dFe36b5,11914.893617021276440937,0x6c3442d41eb1ac18ca6b7ffb55808416ae18434b35daa23691e10eb9c6783ee1,sent
0x3eE185bE3105d74c8444f2bC148b5507fd770814,11914.893617021276440937,0x3703b50bad746faef7404ca2f32692e9c45778530001be0f27c0635278cbbd7b,sent
0x29024095e562A1a2585e70854CCD162a39eC73DD,11914.893617021276440937,0x05dab564e5de81ae931c22f27e4e70bb11f0786223cb30626c2ab81a0c9979ef,sent
0x053BB9C99Dd8AD6d94b851b5fAf61C941B78F708,11914.893617021276440937,0xb6df80cc33d706f7e35a24d39ce5e66713722b2de4fcca1d8d959bd7d383e4b7,sent
0xC8a02cdFBE69ef32F729D1b80eDEEFF1A43AAa61,11914.893617021276440937,0x2082cf348150a9cc0b8910ed5484b0ee8646d30e51ab760c4af7d08c53484363,sent
0x63bE95CD6a410fc1387640394cc08342eeCFD1F2,11914.893617021276440937,0x6812ebe99eeb0635a7f4711c15bf6f68dca4e11e6d5a62d7b684458a9949bebc,sent
0x23076200A1bbCE71B8210B55dC2Ea28f3E4B9fbd,11914.893617021276440937,0x58bcebd8dc540e61d05ccb3ee7ae1a3b9497649d4c9e30b29004c0c2642a5dde,sent
0xE8ce264732f23e984aEB258B0A5890b026D006E0,11914.893617021276440937,0x34224227442b6d68c7e2913f638429d87e842fd5c60cf2b65aa43a68d0ff0563,sent
0x6d3806caa21e4DB582B4A91f8953cc7723864367,11914.893617021276440937,0xb480260581022bbafcc8cf8c9270050703dcde97c99ab106b5d6ddc6951f4c86,sent
0x5A88fe28A74d4067e7De577d3F4fFdE89F8D4A48,11914.893617021276440937,0x0cb5805db51c70214669e1c6d78709138fa5bbb585f16130cfeaf1590515e6d5,sent
0x89c71949F605bB5E9F2fF7650e25419f6d186FFa,11914.893617021276440937,0x4a4e0c63458df4f4c05aa6626bc79cf24f583833b167da8b6349972570a79499,sent
0x91b6888bB7c854D7C82b0f80785003BBB265448f,11914.893617021276440937,0xf0582d05180a77ff270fa38be1875294cf63125a9dd3e4a704e6d6ac4b92a369,sent
0x65f71e68F631360a43DF805E4a6aC9171F39e412,11914.893617021276440937,0x41aa375f494638b6937c66724c87e6d9ee9d015b7f7ccfb3227e4dd1e22b8971,sent
0xceDe2B245830f2D9f08C24987D6E601a647aE59a,11914.893617021276440937,0x97260c567b635fbbbd8016b842ce5aae5d25895df75299e0a810f5730ac418f2,sent
0x98158Eb3ab41468F9a823dD458E9453AffFcC916,11914.893617021276440937,0x9a9c2c809f7ac1ed99484dc2999931ac953a7bb8c782e37111dae4e05e359317,sent
0x9C5bFA6a5E2CE2b57bf2FBbC013032fFE00f7f2A,11914.893617021276440937,0x03bebbd1054d546e61c7fe76a728b41700190ba285a667ff137903468d40815f,sent
0x493FFB5c14D8093cD676259EaB46fD0CbECcF741,11914.893617021276440937,0xa2d2882f0dd3ffef358b90a1867ea1d4283e5c3415455f2e90192ddf6220fd1c,sent
0x27c2b4e1611c06867762E6700eC7A7a1a20Aed72,11914.893617021276440937,0x36ed8b2cd355aca926dc62bae312899b66eeeddf44a71c2e32b1bf64af0cda4d,sent
0x3B1ac814a6467d88D07B8A92E4D1Cd13FeA4E8Fa,11914.893617021276440937,0x94a10c9854452a235a7f29c2c41cb70a2de9b43403c59ad6e5dfba1b911aa7e0,sent
0x8aC387DDB63F8198f7ECa07C7Df3D554Bb84495f,11914.893617021276440937,0x25b42391a3337840463c8c44937b58d41d365a51dca4f04b53a096d3e13a4078,sent
0x566B044C3E14bbbB94c155446B821786ff790e00,11914.893617021276440937,0xb1c53e7ad871493d8b38dbc68d5312f2a256553a68fb7f8460f8cd57f795b4db,sent
0xD4EA78230fe8C551E8d4cc409b7FFbbF58A7F335,11914.893617021276440937,0x41bba78699a496e0349d1f4998da0111f6798ea98116d531a7b863e5e01308fb,sent
0xA287BaE06F83d6d10e63FbaC910B8FA341A5b3f6,11914.893617021276440937,0x718b874597bbc035a3e3d8f6375b89a222a8eac7a796fbb79aab54f5b072c36d,sent
0xa0ED7bcD03a3BD56153472efB7495e4E920C9E74,11914.893617021276440937,0x01880ae93e22b092c16baff03877e142bbc7c1ab65888a58e33df57d414c385e,sent
0x3473c8586929b55D17721D037301b7DCA03bC529,11914.893617021276440937,0xb40250681d79b624f72e900b74a1a8903f03215274852d75965222b00da43789,sent
0x419A61450a6692ACd50245cd0cbc99cda7CDCc81,11914.893617021276440937,0x32d46f3b6d70a6c4545f99886b3bfeea9803047e9ba3258e37886d07c0ec1b42,sent
0xaE419E68eA50D1FAf0F0C19C0382d2F4F8958cb2,11914.893617021276440937,0x97d9236c1923141c024fc138fbed00f7b425bc6ad273f3307326bd52256e5801,sent
0x559BCf8109EACcc3D99370c74a0e17951D9Dec5D,11914.893617021276440937,0x5d3f597b37714f13e91f030c35499f4c8bf2f8f65e25eafaf29309a9f8d974f0,sent
0x34259e0a2381f413C1C1F004eF7282023c0aD38a,11914.893617021276440937,0xffbd968b4d6f51b38f470ac13e8bcdd503277bfabd44904e8e5488b20d9d8503,sent
0x7e185902bb312a5E70a2A401bca0B772AFfcF1Fb,11914.893617021276440937,0xdd36256fb24695985d13868305eccaa9c1bcc0fe372cd95b3e8c2b640120860a,sent
0x1E0F1930A0520b8Ea6cc39d5b84C43f7403c4669,11914.893617021276440937,0x043fcfa0fb6bbb6c132f119d80858b623f98095efcc891500986caa1963199b3,sent
0xeD0310fABA9050a3968d54D6992f65044FF5fC9A,11914.893617021276440937,0x489163199042a695c63eda2f58eb21fed5b0eed2d6d2e8ec4a7bfae4aaf3eed7,sent
0x7a827eF720c20Bfb1a28e801dD6E5c89B1b42B22,11914.893617021276440937,0x9e14da5a126b6be220f0da63987d0b1ecc5ddff23ce283cf08bd007555a48380,sent
0x29d338E7f8560b257c87F6E80b9124D1E0175c04,11914.893617021276440937,0xf506d5c3d259493f7cd51acf3b7a724741bdfd14e4a928c8229b94d226adc76c,sent
0xdc9a78b4B40A76B7742289e84Bc8CE85b2a046E4,11914.893617021276440937,0xfedb2d5e74805ff82549652fb46f01199261ec5d128b55a4556601e2a7c612cb,sent
0x0CeBe3ca361167C3f34374B9130612e1d3020D40,11914.893617021276440937,0x5271c0ad1af971d6999fa7a9673c9874112b28e8bdc2117e820959ac9c0e5a2c,sent
0xDDB418f4a9d834EB39F168b4E119AbEE3ea202BE,11914.893617021276440937,0xbd1a14e7a1188932f1bae328dd0f6c3c96f6dee465f64026f4d14f2bbcf71763,sent
0xAC1b9eFE679F67a7a7b626339DBcD45d22583b1c,11914.893617021276440937,0xefd38b319ddf891a04f5f006f9a9db9494e3678e7e8c0d3915155899c189ef04,sent
0x84e0F3ABb4cD7bC43BDc7A0aeB9907eAF070f209,11914.893617021276440937,0x50cb644eef80ec801119a6328ba41433023eba282dee59b9ae9ea409d9e66874,sent
0x5acB370682a0F1E5e81810a06a087343a5661717,11914.893617021276440937,0xbe57a0016d75c85a4986563319f485e47b6754d0411018e31eff35648af1496a,sent
0xF0807eB66E6Bc4DCe5e142Bc7e251d9024A46eE2,11914.893617021276440937,0x5bfa716b8f4d95915287791e7f9daade2a3957b522ac11ff7227ef973e14fcbf,sent
0x6B1fbCc099f858eCe8836bB23187010C40BA926a,11914.893617021276440937,0xd8c366b9aae027a19475c0f4259c261f14fd4585b71cb7c3d175e107d1b14505,sent
0x50698b3aE9083Ae52Ef46335885FBa9008D57Fbf,11914.893617021276440937,0x66de46900f700363a8890f9d4eb4a237068349b18f1733397915a706e473ff35,sent
0x296A9173d9848de6FA4b7327ea70010D31146E13,11914.893617021276440937,0x6971f8cc5412e618b2b6f0dfa8aafe1bf6b96f912aa1c2af4b53c6be8119be38,sent
0x672960b90E6E5099b5543c75da7BC356c5e7aE18,11914.893617021276440937,0x213a9ab2bd7d0aa5d9323ecae794840bca859bab4b300799545740db5528ff6c,sent
0x277e3F9B6CB7AA092718f7793162672c197F70aF,11914.893617021276440937,0xfc783741c01b25e62c229c0209ac441624b5efa60f7d6805e10c53f653cfce3e,sent
0x41d064bf2875E44fd5Bd40890a8416F4F652BfA3,11914.893617021276440937,0x9d54e8215ea3bbe96d3c3dba4dabc8189ec5abfcc103cd41021a9c715c0b7a8e,sent
0xbbd35bE47a24D3963f044Cf8Ac1bbB282b45f9F7,11914.893617021276440937,0x0c333fba3b88d5dfb37836002a4db7997c151cf8a797391c5540981e81302dd3,sent
0xfFa042B21E40F378E030ca84081E55E5b93B4F92,11914.893617021276440937,0x4942f3d90ef2a44426e6d2dc0b5df1a2ca4bea54aaa699776d361ee05129929b,sent
0x872E2792b99dBd860901E7626e5e3D42F603c4Ab,11914.893617021276440937,0x7b3ce83270f495e3dae91a0c886f0ee39f35ca8c262660e04d378a57ae263c11,sent
0xcDf4EE73Cc9c5D7D6321b1137722a1b2c02C5489,11914.893617021276440937,0x18778a496646e3dc8da38cd8fa72d9435260d8eae30793cd544e421efab72a4e,sent
0xD93fCc9ac2C0bc9CC1D159B8D8647826ff135BB9,11914.893617021276440937,0x939c0de39ae0e10c068c206314f2afb799a80701c903cb090ad91edefbafa2be,sent
0x28B7ec1D96C62beA0c8FEa9f290b46de91612184,11914.893617021276440937,0xd6906fb6db2dc38102ea25b1df7de3fe9c7170da325bc0e973c6dfd6499bb4c4,sent
0x051E07c6B119C792eb2881208Ec78467067445fb,11914.893617021276440937,0x57090fc0f73877980b375e873d7decccd402088319ea374bc8e7dbcca80fc811,sent
0x6d9B0240fEade49dB9cc88f2200CFa4904c8c0d8,11914.893617021276440937,0x4216b49d9f2e3082394289bdcfa45ca4b26e540b3a93f82e74cae8dd02b31859,sent
0xd9627850DaFEF5F3F1d453b7C9EF18843E12e3d2,11914.893617021276440937,0x5b587efa941e0ae0b68400d659a691951a2091191503df024eb1a44a18b6c42f,sent
0xf752e91A533d4E871b8fFe34157C976B580Ef960,11914.893617021276440937,0x8e9bc65efd16824a1600b982661645e4024e13f1d7d96fa47ba047d36e39d93c,sent
0x6a47D4639AA6a202cAa4b6034aaa700CDa90aac1,11914.893617021276440937,0x1c0968120bc9f6acb224dec1a9f17edf026a11d9999004bb663fc23642a1c30c,sent
0x643660463eb3466CC5722CC0351969484f16610B,11914.893617021276440937,0x47b573788eacbd9185139b45098eb354ef3a64650fcb4136538488f825ad65de,sent
0x5BcFe0898d9372bB8086Ac3B5B146f9fF6dd2578,11914.893617021276440937,0x6ac200d46f33c26574e5c5e478c16678516c7635835aa6f2083c21ee7b7eca01,sent
0xaffc2ae2D90CB7e02aE281Cd111e491Bc24d6Fa8,11914.893617021276440937,0x85cb541f1fba72bfb2c8e515fd8b87540326b5246d84bf72cfe5ae449a4a46ea,sent
0x32D065d6EdbFEaadAd23a404eA68c6c1DA29AA42,11914.893617021276440937,0xd2ecc938fd0681b5f6badf80691ce49493d2b1002324feb224c402a67aba6140,sent
0x360354CC41A7A4A1cdBDc1cB3AA239F8B8A5aB1C,11914.893617021276440937,0xe8a103da4865d0e2984046b1d93265cf0652c50d010a1836268f20031b0db58f,sent
0xEb3F453Fbfc2DB1ea6AC79635477c6250bfaaf1C,11914.893617021276440937,0xc46cfebf169fe5ebd84a0025d43a6f112fafe98de6e7b3b4789984c46d65c343,sent
0x788EDd8D0F0972F57E13b9Dd531Ef192D27A1dEf,11914.893617021276440937,0x94302fad07716a0110a9943581722ec1841a64769e1ff5eaea5cbff26628361e,sent
0x29921482cfFdDfdD402217FfaDA245f1b5E88dcE,11914.893617021276440937,0xe1a5b05a134da019f61c6595b5c59b3a4eb24e5dc92fce11c5632e0082e30aba,sent
0xC25A1Bf7bA88C06aA5F56D75463a818cade112DB,11914.893617021276440937,0xc7c9b89bc048e307dbafa4e8bef24e63cce6441ade5e8030b9d8e86bdbd2b6be,sent
0x66480cA067613c00b720f50E9423FC825A439a7d,11914.893617021276440937,0x0a1a0f99c57652afd307f7377048a9aeb261f7197d0ef2070b53b5ad12c48a24,sent
0x7DcAD48A9e71Cc16f0F28701d7013643faD4Ff92,11914.893617021276440937,0xd1deca446858dc82d03b0a0abedf3c7eeb7876822e0e49c32238f6c0608b9b90,sent
0x630317b8F9d9fe2F1117F7f733DC508cA6CD26b2,11914.893617021276440937,0xb7e3945e2c15131a0008e343b13b2440f489fa9e609d6c0fa536aa84d9589bd9,sent
0x33e43bcb2D1E04e1b4E86f3eBf16B30D3C66c4c9,11914.893617021276440937,0x54f2bfe7cda574c92da0af0250561269fab683166564a34f796e5e61b99647d3,sent
0x8454a74a50f96C12F4a180a38c9CA2bB8f750698,11914.893617021276440937,0x835722bfd0de1f2c617cd61700c05b1c3d3b126ba249b154e72c975380455a6e,sent
0xe860E3BA8997265DC601a9E6805E21340a284851,11914.893617021276440937,0xd1c1e8b79b92daa5b5c97e3f189a972c10f9f61857c567b45b29c197cae6c60e,sent
0xDfBdDC6e97ABBf0499cE32A6a027347C7CecaC82,11914.893617021276440937,0x9b79aae9ff37a83dc0dc995e93b2315753157a8ab104a1bb47aa786fc777b8f7,sent
0x8FDCE50AC0E2545e2d85414E5c8CC9cDBb174428,11914.893617021276440937,0x006346eae43d50de3076a312b094ef825352baaf072359e23ae913f220165553,sent
0xc88Dbf671E7daC59B2fdF236EA663D5F9A905298,11914.893617021276440937,0x8947505720d6b8c4caedb280d7eb5efbe4c8111ab57f00c2fcb3611c4abea576,sent
0xe002BEB8B523aB39aD12b3d06914D40028791BEF,11914.893617021276440937,0x2829827f5f55f260ebd55f3a4703a75160357210e0f88add36d65c4a395febd0,sent
0x9D474aFD57CA3dE30e92377bdd90161B84D077C4,11914.893617021276440937,0x637ea9f036af885a38343a42dc35b9cf4cb8943853622a74a3b0bfd8a612df88,sent
0xCf983B038e875bC87419371B59551BF380cdC998,11914.893617021276440937,0xee29e1b560a1b787969e1f75c6cc6a2bdf36059102bcc7a89c8e3d1dc04a52e4,sent
0x68348688ebD1c82cD879AA79DC7763AD4930a11F,11914.893617021276440937,0x88f5ca395178fcbd4158faf4d7b230fa4f0d2d827161879a741c30df3d079a5b,sent
0x23e98d3574b01011939d574A1973a8D20b8f5eb5,11914.893617021276440937,0x78e7f7a4615386ba7cc2a352fd64e53da675522758ca11a38204f7cf1a0778f8,sent
0x7eEB4F4F2AB8f330B07DE06E0c897E4fD98bc1F7,11914.893617021276440937,0xa9f7a0516e2d253386a3c0c33c0a5bda35007a385e5e26012256dd9a7fe55e94,sent
0x05824B052491a5A2aca8590B856f06f0e1f26e64,11914.893617021276440937,0x1a31aac9b1af454cf340a3399dcc80cbc2d959b640055c494192efd46ba5c7f3,sent
0x3dC3C4D38ce705B52ef03aC79939a76890843D61,11914.893617021276440937,0xfe45efb070a5b80c1a7f5d304c9e5600039454e6cd64f7b21e72473a0ef3fee8,sent
0x62f300B2aD2C6a52f2B1433D66f0C2EE901Ccef5,11914.893617021276440937,0x00f5e641d9da3e0fb417759baa9a2ea35552bdb4a8943b984f072396a286509f,sent
0x82A38e9FcAC9632979F4A4fcc4c80Aa116c47aA3,11914.893617021276440937,0xa01d8484f966350c1d3ba2fd1a155df9f4e0a10c8409cb52b6fff01904a848b0,sent
0x809D7D86613E4DEE65C2E76f638Ae92920F81e0F,11914.893617021276440937,0x36b0726401abcc7b9683d78d18f4f4866585c1df0824b47defa4b77c5e9a5b72,sent
0x6749204bda287A60E876A690115c337eD299C6D1,11914.893617021276440937,0x111c25c945e408c5093dc9260b684c3b28c9244356964ed7bc3e9d299b942746,sent
0xCb15717129055a50309FffAde1bCc56119e611cc,11914.893617021276440937,0x15834bafdeea5ca9067708515b27e34a9dbf5cb3c35499804499397b72533805,sent
0x7CD45884D68b77233BbD33641d5e32d0e1fc0d6D,11914.893617021276440937,0x8c42d133543fb0490d05af302bc1b900175f0010932c9b96022ef1d2f8209f94,sent
0xeEEb454a94E03A3bfad4A8609E3a61D1f1fAB4ec,11914.893617021276440937,0xdb46c694ff16af5fa9de03f9d93343e7d391818b002c2baf82ca1be218a44138,sent
0xB70aec208e35A6d4bFE14F2E216Ec168f4a83F94,11914.893617021276440937,0xca15ce166f524da452aece8f8213776f5b936facd980d55a9d9dc34ab916d234,sent
0x38BE059c8655c3C6686127c8936962aCf41D9C92,11914.893617021276440937,0xccb6818fc103e0c7bd336c74ebaabfa32e239411e32f353f650f9595388e078e,sent
0xC3ecE99b8280Aa3e43DEe2F58cB2614ae45187a2,11914.893617021276440937,0x8fab88ceb810b53e54ecd79486f05b23bac1a916f58ef61c6243b7a4a84013ec,sent
0xD3De986A98171Db43A078C95FD9e093ba1a0af7c,11914.893617021276440937,0x0e76e2e2979eb522d636d8030981c3d6424c2a06f53f222a10620ec40b81b843,sent
0x5341CE886C50A50a14058c5a02763CdA8591789d,11914.893617021276440937,0xd5d9fb1a5f0242df5d6c731e5757e508ae09127b99f8548fb9c8f8aa0ca146ad,sent
0xB35EAc18fD6C3773735440c8010afE84BD446402,11914.893617021276440937,0xb9e03cf381a493e27a19db6641988f58f938f8ddcb741c6b87fa0a784ca4fcf9,sent
0xD0F8Fc72c13470F1b1C968785df66CA82459d4e6,11914.893617021276440937,0xe270e96146618cb5209ca0c2a5175cebdd39d2e6916f070ae197b091551eedfc,sent
0x9f3A52bBe3B5b43cE0798042792b1f5926172BE0,11914.893617021276440937,0xb597421c004da0e6b7d5f57f74e04ed5b372e35324fe341fb380898f468f4ad7,sent
0x04D124f930d808186748e307d7a176eF2d5AEF62,11914.893617021276440937,0x8b16dce239ee5eb815ea2b991e5e9fa3fdb9401c7359dffb2712d555c55edb7c,sent
0x283b00139E1321641812d8C1bDECD37c639ACb12,11914.893617021276440937,0xb43264e8ea25eb0edde592af60940c62bcbb891925de0128e47960c262897b71,sent
0x64DeA8bCaF65c901Ac361eF3fe3e4675600969C1,11914.893617021276440937,0x8a9e88e00f7dcbbcfcaf42e8746392810b92f20872a9bf4b8451ea20c8078450,sent
0x4b7017edA059B4519296EE5F8c5222294C2D11D7,11914.893617021276440937,0x349e6bfa7cebc11dbce6f04fc24aba2106dbca691e0359428c726f3f5069ed76,sent
0x7c1757275368B131EB90835Ce91A152099E3bC44,11914.893617021276440937,0x28af97260f5e010c54032711d7824090b29b2e919991cb2be4132d7d3b1e57a1,sent
0x469C36c9Fb7AEd42Bea6401Ed59a8903842bDd3d,11914.893617021276440937,0x6e1f69899cb9fad643d06ba5119912d02da81631b493f48e0e733afcfa2f5e10,sent
0xFAfB9F84f409e9678df9973655F2f671851CED18,11914.893617021276440937,0x294b65305e1e006de135ebbc511d33874b2e9f87b05f014fb9306659d9468b42,sent
0xF4C0a86aD995f7C37eb13833F003b76254c9eeE2,11914.893617021276440937,0xf53f2eacb684c4642935da9084e04e67fd938cb4aa8ec9666b96b223dbaf943e,sent
0x8eE360A88347fd9c9D36CB8b4faF5A026778885B,11914.893617021276440937,0xe7dcf2f7985cc92171a930b271d970974d8c0062f45785bf558d57aa0ba4f68c,sent
0x03Cf587fc882A1640A713578694BF031009B53dD,11914.893617021276440937,0x0e0d7b4c8ac19fcfbf08575c5230c50aec2f3a471fa74be1210f0119842ff71f,sent
0x2c395F9edb6d714388e9B1AEB50a061Db02C1469,11914.893617021276440937,0x31b9f827963f83e6354f896e04a4dd23ae4c6e8f771000b36e78e3ed78a5a8fd,sent
0xa0601429012e05baCe7f05671cFc73efd3152c7c,11914.893617021276440937,0x8600de9976b04d454835db64f797285ac508ca748368958a37cc300757a20e32,sent
0xb42a03bF7E2f78716DB450dCAEBA18ABB717D6C5,11914.893617021276440937,0x55231e5c757277e1aab672e40ef63090c76ca78fadfff597a1b93cfa193d53e4,sent
0x48C9a538f6c11901b7bFc909219059F59426339d,11914.893617021276440937,0x661ec9c7ef35dffd862c1850540e19062b59718edbfc1911c1951ee870b7adea,sent
0xA8519F55c27C0c58380DaD17F8608C5320dAF81D,11914.893617021276440937,0x1063ed72d6897895de80abaa6788e2f4f4ec01ef05c9e1c0b1eb3db8c18fbc31,sent
0xaBEFEAec6a9890C6650031632ddf5b0E9b0345A4,11914.893617021276440937,0xd5ad423bec89d328d5276b4420b623341f1697190e68e5d6586795be7a8cdffb,sent
0x951ED40b60840BdCd8Ee7662380CA1E38264b8ec,11914.893617021276440937,0xcf94a36f98a17f8bcccb84df98c1d794560d8c9aeab3e1ea16d4aeef199c1b1a,sent
0x9C13007b7bA967b9e2F1AE53959Ab4DaBFFf318d,11914.893617021276440937,0x4b302070bf84be6110ef061f7bcf4de7e611c09665a6c11374984701de5b6f27,sent
0x7CcDa9Bc41b472e61CF05A083384b3d46139c4CE,11914.893617021276440937,0xcb68e8f2cca4b7e2de5bc2b900ea25a700fe7cff5fd1924d94b0df6834b1a962,sent
0x6349E42d863EBf16B15EA79d8Dc50442EB032339,11914.893617021276440937,0xda8bea360725dcdb955e34c8a018f6c50440055db98873703242a9b409c9a631,sent
0x44322f0f3e0715A80913263827f50195A6AdBCab,11914.893617021276440937,0xa1c7707838633afd1a07340bad1032515f3c0640da12de1b3507ea68dcb4e2bc,sent
0x01B5fcdFe22ba15173B97A80e8919c94da45A83e,11914.893617021276440937,0xb351c39d2499ebd1ca09c2a78d24b021a2c50271e4c32843b9628aec69e7cc07,sent
0xdcB2103A0D7f2f5C5695fDcF06d3ea771B32e5e4,11914.893617021276440937,0x1b92d7fb846cf059d67bac1e720c0185f18dbab79ff457e30a5b49f7de11dd5c,sent
0x79Bf1CC2F67D7F8A8F70583E122a5AcB24EAFe28,11914.893617021276440937,0x91685bf3744f7d9daed57e53a020ebccb21efa940ad651624c84f6d7bef9190d,sent
0xF94a83a933a60f52Db0f7e050ff464E5478a97C1,11914.893617021276440937,0x9f36e663257dd710602b3dc02de92e5086fffe7b617512cb99e32ed13ed2fa55,sent
0x062A08437b885eC6fE45061FF065c09D1479b5ca,11914.893617021276440937,0x83ebcc63c246899505f20d2340be88e14e0faf727aac5d98edca0d0caed93937,sent
0x9192BeEBfF6632dF85F59B6Fa4c9630b8Ff420d7,11914.893617021276440937,0xadcaa0fbe3e81283eac33d3e03a93f1d987bd8771e8ed42ac80132a1eabd4a41,sent
0x09C0CC404f49a98ee38529C06b40C4a34c9FBe07,11914.893617021276440937,0x3a3e53e9d7634fffe2a562c10b651f2af4ca9647ba0f2c90991903a3c28e4748,sent
0xdd83Ad5A71Bb5b37c7dBF55771F387279b058bBc,11914.893617021276440937,0xed0c6fd9d9101514cf5e4ab0465682bd5c5051a4055afde2a4c9fb0de52771c5,sent
0xbfb2ADb2A8Cde88E831f9e6d889dB12864D72907,11914.893617021276440937,0xd9b2a9651552541ddd8347d7b959875f99ff74affa9e1a1baebfd215a2ee004b,sent
0x85cb2d7bE1b6a3cf38b656a97Dd02C030EDE6193,11914.893617021276440937,0x2fa655d72b9b5e0f9d6b35dad3f7b2911d6ea9c1d554b53b3d13695855e30c8d,sent
0x299c4da2dD26455402BdC186552DF3867bF9F925,11914.893617021276440937,0x7f203bbc3e1332e2c760ea9b12273c93ff5d9dfa2ce1b1d6920ef96442262b33,sent
0xffbBe0297fE356c87d81597cCb4c3130DCeF5DBc,11914.893617021276440937,0xa119deb6155254a0746846c35aa7da815698c58f0bd49a915e25b13696962401,sent
0xde9FB0580F42F9Be482243Cf04E2A1Eb26A501d8,11914.893617021276440937,0xf3e38788602eb2dd131b238492c4982a541b37921f20be3c29918462ef9a7583,sent
0x47c4209E6D17f1D1D4226675D4F329C33F8016f3,11914.893617021276440937,0x95cefe0e397119150fe6634e405a41809ef3e4df4565a92d14d85c9a30fedaba,sent
0x3f6522E7bca3e6718F24D91B43331794B6cA2C55,11914.893617021276440937,0x4fb6cd1cf7b75e32d29a0f7ed34ead59d3620a039cc34f3a48fb6ef124a92fcb,sent
0x9E2B21cc60a8873CB96536cE37c68a4CD23D8230,11914.893617021276440937,0xd10ead83bb9e5944d5dfc7e3bfd78729ba9582563f12749d114adafacdfc6eb8,sent
0xEcC67813cA639A85841922454fcC8B23C4fD39D3,11914.893617021276440937,0xd2c7382568e05afa580003061012daeb786938adf96023936a3deed2c1212372,sent
0xaB016134EfE722bbB3E3bF5FDdBd4335975922fa,11914.893617021276440937,0xab2a6b2a72f9993e514a4b009108d924d1db47c647540e6606012016de7298d6,sent
0x6C6406fcE9Af9290d09108a9E11981bBee64EFF3,11914.893617021276440937,0x995da580ff3f65785822383e3402020e9a3bdde60523502b4be2d8aff3a5e598,sent
0x0872E9746C85468b0Bdc082ac29E6d19c717c9a3,11914.893617021276440937,0x10e4ea4b4ef6c70d7c0fcf4931998d63a95c0ac4760796be49944d88404ce145,sent
0x0C5E885c4f674F40c2134838a306700A3C7726B5,11914.893617021276440937,0x770d797dc76d2d024f84279c1478d120b96a3d6acc95d685424d92780bc902ed,sent
0x044393d9aaC665b4413cFDC6B1A4AC7C446727eb,11914.893617021276440937,0xa7d9d07de41fbd2039cf19dc967e401a17128c4bc66513f11621f0eda015456c,sent
0xbbD1c098F7384729f4A7a67A69d146CF194Ca99b,11914.893617021276440937,0x6293d8231663c60b49044a89d13536a5619686add5d62bcaa3f62f43102db0bb,sent
0x70Aa076fedc9cCDa277Ea74d9dD1b231c30993a0,11914.893617021276440937,0x6e98e6e25702e95fc9c2fd50958ceaab8c8b341fd768ca100b344e5760e6caa7,sent
0x1d56e8f472392073946Dd5E40b329fF89617e0cE,11914.893617021276440937,0x67cb3cb663604cc417b487532aed24f996e4b4624f4184f95655f5178348e56d,sent
0x68d35A1FD8188326d68b03Ad5C1A6451705f079B,11914.893617021276440937,0xf336a871f7a261c16b6f979aae4c936ee973c1e0d2f0dbf9ae7a0e71e2650373,sent
0x51CdB6ba8f1fC006aF657b869c5bbcf8e115d3E1,11914.893617021276440937,0xc2d509bd5e75bbb853d6a37fec0bf9cf1d6f0572ce502f916f5e84d5db84a5e3,sent
0x474dDED75f475e02302E7701561ae86De56188bd,11914.893617021276440937,0x0c00a4eb821fa32663842ff722db4c5244d0ff2e0d76f53d228fa241aad03f8c,sent
0x8Cc2569fbf83c1094c1cBB8181110878aE4B6608,11914.893617021276440937,0x8415eb2e952a7f0b68812d534714f113731d3e66bb7807e2efad2a441dd86971,sent
0x6817aEa34E61C47C8e243eCF145C363833f7b69d,11914.893617021276440937,0xe542571b387ab1cf434afb839ba8e0eb85bb1cb63adc272aaea1b0a63f4b0e13,sent
0x374E9F76800eE6Aaf82380240a11117ef154445A,11914.893617021276440937,0xc88b143f1e7c1462598bb81cc861bd7447385b8017c438cc69aa5d69f9ae3e7a,sent
0x7374Cdc8F6f302F7BBa5AFf40F588f8Db4f47C2A,11914.893617021276440937,0x742f542a60ceb8011821d258f957182a3035e9f1207f96891e1b00fc269c8c58,sent
0x862d5C5A48d7Ec8FA662352924Ed0642490B89d5,11914.893617021276440937,0xa1bed0e8edb846b368cc658ab50930057121946d59f737492d38fc704edd22bc,sent
0xE9336141cE724771D1ce881885ABA604569CF293,11914.893617021276440937,0x45110fc427cf35259a5ea6da25e33b6df079b8eb37cde9fb692455cecea9b512,sent
0x2Ac1eD2C06c1e7902Cb9742C415A5626380F8beb,11914.893617021276440937,0xc768bc6b17ac9180b5ef54f52ee3090bdf73c5fd43adfb4c00da349c9fc9d7ed,sent
0xB2AE4181A7dc581a2d05fd0bA1725f871E71B27f,11914.893617021276440937,0xe250b8c1ebae2e357d5992492d03fe36c9b02fbc1dd14abb46ace3fc73973987,sent
0xB822f68477D09CDeF583e467Cc54Fd930E20402d,11914.893617021276440937,0x1d3e96f42ff8f49ae9b01b9fa1ed13a016f3e0619ce44fe5a7057512cc0adc3c,sent
0x95e0C336959152EAF774674cC231aE4Bdf8baE6A,11914.893617021276440937,0xeca009bed67ed23c0d85dbd2c2a67188eaeb31cab0e05cd7f37a8735a6b08680,sent
0xA036602f15d989161bb41401af5e084ba03b3782,11914.893617021276440937,0x9cc60c38acd37bc393571b82f2d840b7ccaa1f495bba393459d686d34ed23b63,sent
0xad59979831EEeB9d3e1C293Bf47D74d480D38A57,11914.893617021276440937,0x0d08816ca62a7737782958b0cfc9cdd05b849b68ec843cc1f55df44fbc85053a,sent
0x6Bb23201b076b0FDaD6Ab0B51cE448B6bA01E4Ca,11914.893617021276440937,0x4b5fc6d09f704b51834686900ba932dbfe73c885bba3be74e58e299c7984f22a,sent
0xC3b8b72796De13e7bdd98ce827cAAFEA5414Ff81,11914.893617021276440937,0x64c4551e9a2b070a82ad835ebf02f67ce4d5cb1c41ab02651da60cfe0e7e4d6f,sent
0xF9beEbd20B6351d801EFFC6a1F664953fA49df5A,11914.893617021276440937,0x98f2b01579c1fae1b449d5f51b0065c9ebfe5e043300ff5c89dcc0b538cc8925,sent
0x86CAAc992A43b2aC4aA7F3b102DF58352b21b15B,11914.893617021276440937,0x4eed938657c795f68037a696b9180d101a588e802f41b89576e6a41420be511f,sent
0xE30846D0c178210929b4da94AC9d97A8affBd9F7,11914.893617021276440937,0xff93aca0517b927ad4838b673edeaa0c7f8fb77fe383fdeeb8b65aaad933c2c4,sent
0xD99f7038A2Cf970C312e335DDC3abb5cc158d8A3,11914.893617021276440937,0x06177fd99a8e85afafd0154e39e58e3f3b94858ce3e32500cb2725b9981945db,sent
0xF0D3cF25a1c029e20b308F66f37133Ba6d601675,11914.893617021276440937,0x59720789f1030a5b55dc4188f690b836b911f1b162a9fd1977f8d4305a5ce788,sent
0x13EDaa1E833d3E3BAD29f559D76284Cc89a0Bb85,11914.893617021276440937,0x2b40ed7610f02732c6757b751143a3f4f40d3c612754d460337528d880171790,sent
0x10Afa2AA1a01E1dC2BAe046A6BD5eaD1ABFF29bF,11914.893617021276440937,0x081902b8e7a16084247e735ea5e614fb2c8617212e381786502088cac79b8a84,sent
0xC71dc3EEFDD8D129d512CB59890E881D13e8Ab37,11914.893617021276440937,0x8a64bc76fab8f284a6abe49100ab5e321688162d9be47750c7da1a190aac3086,sent
0x12A839deA14e639cea392f43654a8a89cc3Eb726,11914.893617021276440937,0x3398f71d22477271b8083dd07682517fcf65149a33556c25425a74d399662254,sent
0x5965b53df0FDF03cCf4786211b21F3006Eb85993,11914.893617021276440937,0x231ff8e17da2d3ceb38bae8e3c081039723e1080283116100c08aa2403b16aab,sent
0x9cC9Ce5dC80D670a4326bcbB1475a7dA039BC5BA,11914.893617021276440937,0x463cf9eed66216c86135b35b78df7413f5b8b280c3d7c5355d30daa0d61d97e1,sent
0xdef05C781C4c0E47f40402CDcE83175279A1200d,11914.893617021276440937,0xa964853ea9b734031cf37393ab548e00ae899ed5f0ec975e216a45ed1adf22c9,sent
0x8Aa0BacC7098248f24fbd5013C9eD41363BFbD6D,11914.893617021276440937,0xf792a79c09958882ba9c91bcae7751b501cb60a8fc4f4e0a0d2d23d675bf1c34,sent
0xEbe8c9558ba1FDEa900104b62CaA556198E1205c,11914.893617021276440937,0x50dfaf1f9547b82c5a6517e662d9aae26fe86d52e965e059e78204f8dc3055b5,sent
0xFf9E21A74c6AA46925857D4C2f75191D3A5DbF06,11914.893617021276440937,0xf7ad188ebb9c46677af91232c16f993374fefceb78b57c03d16b4033b3eb98bf,sent
0x6fA9E13B1aA70F5f4bd2b8Ed9319b681cB584C73,11914.893617021276440937,0x7f2c4f332b22381f0b2bfb7a184d5c199a70b317c36a110854fd260dc3cf3d4e,sent
0x75481F7D03d11EBabb22837713cFdc43191C46a1,11914.893617021276440937,0xd96f596655e16c8f586f20dbdd95534cfa1dd45e1a5a7a4c2a8da884d0cc67e7,sent
0x0fCa21D3c8e0F21A9807B5Ace730b7662c2Cd855,11914.893617021276440937,0xdfc2c071f91948aa712584e78c6d1b36e01d8ec5c321c6fcd6c6010cdb24872a,sent
0x29c3c4E9E126857559063560583b2b4CEE263c4c,11914.893617021276440937,0xfd33622e4c9603bf818acea0b4e87f055edaacff1ae8b8ecbffcae9d35f34122,sent
0xdEa8732e37341aB5B16Eb52C73c54C4987306b90,11914.893617021276440937,0xca77167150b22786b6cc7c399f00cf08e8eb894137162c6383501df961871cf5,sent
0x16dA0B6Ecae58821B2AE515dB06584560D176895,11914.893617021276440937,0xeb4f1f1a31dd2b4a5067d132069a720df5bc1f313a1e5937f4be2b283be2815d,sent
0x48669a25D7913439331d174825297995998ce803,11914.893617021276440937,0x6f73fda4848167c2ac7d89d9f42e825958a0e6384eae35a701b19202bc197759,sent
0x83E26CD1E8Abfe34d1ACEbdd3f7Ea1433D591135,11914.893617021276440937,0x0a1e914b0848ba895f970c6c1e6ef6ccbd518a62e001cbe8df3c41c73a62cb1e,sent
0xd2C0639967960feA196C787ac0bA7a362acF7BF2,11914.893617021276440937,0x04a07ca75a752b759a197963b704e34a4daf66c40ecbd024f2362ed2b64f8b52,sent
0x47a97E307855920c49eFb58fEF824877e9c6000D,11914.893617021276440937,0x00694d47dec6625956752a7c54418c12bbfcac4c3be1c7ce6cb65653a3542b32,sent
0xB18Bb4A0B26B3A574731ea874FEFccF033E5097A,11914.893617021276440937,0x9a392470f7a4cbe469279692d1c1ab8609a80d370daf34e534a2ef65f6ae01ea,sent
0x19Bdfee4e8F7197d059b17d030E6a42050a94f70,11914.893617021276440937,0x43f7f18778dffe0b8ed1d38b156e475ed4a984a8d44ec134358024727c425907,sent
0x68dC2f504AD8A99fcb83a70cbfAe645D3e4C98F9,11914.893617021276440937,0x185a5127f10a8c195754da477b8cc996bb115ae18359cad7cecc5a4de1de5ae6,sent
0x224c536BBBaD373C931B4B3E41AeE129414ad0C2,11914.893617021276440937,0xc6bb1c30570d429ee43802728886b0bbd4da6e9c45a9baee163671e0145b0c31,sent
0xc8273a496c5565F66Cf83e60B55290Bba47A5C78,11914.893617021276440937,0xc8f00faed60e230d576c3e9fafdf231c24312b85008cf8b1a99035d540e1c416,sent
0x787d8be45A63bA062FBaf72Ecbec9D78d080A0e6,11914.893617021276440937,0x03ea7a2bbd9f9edf26969e0077a4aa386c51e49f91a970c2243cf036cb43d185,sent
0xdc9fcE620FDB631ab67a62bd1BaA79Fb5e2E3C90,11914.893617021276440937,0x7f896baf95e9023db15319dc11a1e3ac0a0dc3d5c76a0f6ec76c446d1aa8ee52,sent
0xdEe1070B393138F8C835f6D3D60754C0CD0451Dd,11914.893617021276440937,0x8d33af9a7dd98321e685e74dd3872858c23554582dcdcf4c7aadfde066d5e056,sent
0xd8717106E567d1595b5B71D8f483bb3fa266e021,11914.893617021276440937,0x1dda3131add7b7d4f8e7acefb88a97a7de7abc4facfac5bfdd3e8f25b220f788,sent
0x276bFDba2B54126314A200Bd4F50c1645b387fBd,11914.893617021276440937,0xc5b1d4e0b9d4a6157f817bfe5ac8b7adc616822a1e58609bef18801bd92d9396,sent
0xd9bE0fB8590e134cE3f95290675B6372315f0c07,11914.893617021276440937,0x20d885c643e830c542ca86349ffec48c85780c8d1b1a6a8726434dec1a0e6581,sent
0x662D837BC69289735D9F54A2728Cc307fC3a2F9a,11914.893617021276440937,0x5a1621caec4c2619dd565a27dfce81ec2734d146448e7eabec3ee7f2bf549b67,sent
0x8bb73a1c6510693Afc8Dd5E1b7287636728E1EFc,11914.893617021276440937,0x413a586525600ef834cddfc176524d6012e366b98d027e16925518f67e4ebece,sent
0xA4d885CA03De3639F46f41EbFa7dB2E306AAf1D2,11914.893617021276440937,0xc8abbb8255e2cd70bcf374a20e46840ff5cd1c22af0ddf03f3590a2adb4c234b,sent
0x544D8236A960DE27255Df8312052932c6EdD3258,11914.893617021276440937,0x2c62788f2dbba1859dbcc3c65c631f952034aa7bb4a677ce193fd60a1a74360a,sent
0x3ef36c1f8509d97e4790f453fac6173395C60878,11914.893617021276440937,0xc1aae19244d39b7f0c5599b6b0421c3417621db4424ca9f9b9dce6cb90def6a5,sent
0xb80387CaD9fed549fa22eD1F952255C4f0b8fE0F,11914.893617021276440937,0x1eab3be5a8353b8dbd1b5d7db0bc36061cec82b5af4166831f2bacc727e98235,sent
0x255C4a2eB24C825820aCc2800bdF7535Da7a8260,11914.893617021276440937,0x0f4df7681160ca9ad18c5ea0b75668f2cf950495bd826fd121fc44b9a8c7d83c,sent
0x9C346d2cc64d0E16928F42F72199C10908c81E67,11914.893617021276440937,0x38088aadd95d6c5e1629d42d15ed5d5ad4350b02cd10d7f772b2a48aa8af5256,sent
0xCE229418B62717fB97d43ea27882300144ac399B,11914.893617021276440937,0xf5518bf3847dac44d6ba2650c3edecbcabf6f702311cb6743ede84b1b8757f10,sent
0x2BD6babeEAA0F7D7fB1eF6f8031cF9D77d4B8A67,11914.893617021276440937,0xb6618cdf482e71eb4724bfe5bef07d4b8b4e4808fa6f963a698eee3e464e5554,sent
0x7e68100e103cBc3E9818Dda5572942e7ADA886c4,11914.893617021276440937,0xd80f77076482b6ec2fd224bcf64bb38f3f72f61de12af7ea47ebe2ca5d7f6e8e,sent
0x7bF68C45931E39A8671B1553cD27c9168908497B,11914.893617021276440937,0x876b57734b11159016eca0f180cddc6b2ad28daca7f631086c488e0b1be2f46d,sent
0x9Ef1498E1b00B6F2629F57c61AA731100DF77bA8,11914.893617021276440937,0x6910e958f0a07422fea64d2d31df059bf9919cd0aa88bb7ac3769beba859c042,sent
0x05Eade22C095e7e023c013ACf74346ed3f06F79b,11914.893617021276440937,0x5ea0c28733b67948610e8c0feefa0c3abcb462d1a67d67f36c581b4394dd463d,sent
0x2cbf58F3BdDeA22E93cAd1085E0f61d8F9235470,11914.893617021276440937,0x5463cf0a7524e0c70776538d0a0d1c4095ea76d2fd5d66e6eb5bdbc0b4721a60,sent
0xb8E35fC3206D00704b9Bb80891247417CAC34554,11914.893617021276440937,0x2e82f2da0e3601188e0850b0b4d922d50537deda326dac0627dfe0bd5eb10e27,sent
0xEEFa18F8531E3499676Ed22756b095aEd991Ae6D,11914.893617021276440937,0x3bdc9e76a10837360690e63851a94b5be4e65fb3a4e2b89cdb577519cf9f3c03,sent
0x02E6E493D7EfCd290c03f572E66d46B0062Cd801,11914.893617021276440937,0xc51bd7779838698ee103bf305bd898f26dd5f10702f74890633407487e8cb2af,sent
0x2644Ef2155c04b57CE2Db253A0e6847Ab000c19C,11914.893617021276440937,0xf1a31502cdb27b3952f005949c21e3950195772aedc3668f5cf4f6f70f184229,sent
0x34753276B5ce9A3FD6332FbeF951DF269118fB56,11914.893617021276440937,0x7b6e5401b18865da31e40232850a9439c407ae8c9c156ab2a215eff4446da8c6,sent
0x7EaDC02f25F170463FB77750e75D1b740ACb759B,11914.893617021276440937,0x38d9dc867fbc1281bbbbb9b28ce5c4f01bac29f353095a44ce197bb0d0c609c2,sent
0x44b979d28372f52D38032B072cD6538d128BbdCC,11914.893617021276440937,0x5dbfc446a065cc8bffde83c1c20e259bad9fb6fe8815e6bcbf12d6caa5842aca,sent
0xf9653D903b182c285267a3BaaFfd2F93f7c61cFD,11914.893617021276440937,0x05b19d86e95fa66e9859d75de568d97d6c90a4080997e79772a1e929b86550f1,sent
0x0333Ef10D392d7c79fF36B7E64B09481C5cF03e4,11914.893617021276440937,0x5d7f773b71565e74f6b93784662b6a4a21d6138f9fc45ce385531c7c1c3acd36,sent
0xADB33e911043bD7b6fCF96f3C43442B147b1566F,11914.893617021276440937,0x08f722438f031be61c77e8f1565c592a435dcda1084d9c7d8920eff1cbf442c9,sent
0x9832c00181b75aB0b68795a48b77D4B95A09a7b8,11914.893617021276440937,0x08be78589b2a2e01af098e7d505406a516a62e9bfad34fca538daa76c42ca015,sent
0xe5658a1C3593921b27988a7ACC26Dac20B609e70,11914.893617021276440937,0x43d9528c93e28f489c77f056957db12d99c018c90b8135e8b7ce01df9b6604d7,sent
0x64D25f856F2e64F1f498C1E434D2efA55634B6E6,11914.893617021276440937,0xa49ca113830f11f62a53d55635ca37a072ff752f1d353c066c17f2e9a47c7dc5,sent
0xBE98764714eF0a9F3eE9A77AE027530A40032458,11914.893617021276440937,0x5493a4882ac309e903792b7d30c329a5b203d7def3f4a9d8388623744d5d2da9,sent
0xe04A6D1Ee23aEC56016fB2eccB6738Fd44b15c03,11914.893617021276440937,0x5261ca6b4e41bd5cee62fdbb547283411d5ee9acffee0179ef2def555372e5e4,sent
0x4fA3b6D454CDCEea85Ac57Bf172D5f5Aa80C35a7,11914.893617021276440937,0x7fc0c6cedc0e9097f83f64a16161d1faaf9fab9bb160ca4f40ad6e0f547a866d,sent
0xF893Ae44EAbC47589fA0464896a421b6c02854b9,11914.893617021276440937,0x69cc3f5b1a935112a282c3568f0eefd6994e1ad46ca65e2e68e4595518daa838,sent
0x35175dd4718B22dd59d56B72Cdfcf0237cCdbDDE,11914.893617021276440937,0xa9a0d1533a54a050ef86916896b16d45daf5f6f17020b4e589278bf3f87b8258,sent
0xa2AD7a30D900e08904B60Cf28dbdca7De12A86A2,11914.893617021276440937,0xb8cdfc6667d7bd72c58c3220f22b0f439c37134478792a3a4f7a60ce7c6627cb,sent
0x85c8fE8cF489d7189F726d51cb1A4b183052Cc4C,11914.893617021276440937,0x3de4a0f645e128fe8e2601d8a11a5efecd825160a6f40b00c607227dc7131591,sent
0x7bd347036AffAEb7F9b64D61fDdDf691bAe213dA,11914.893617021276440937,0x254d603a53116bf773d67a8e62201d499f4b48cdf81059f62c7df4e7a4d83af3,sent
0xC354B7c497E17C7ecDb09bFbB73A2Cd7A69F8C0B,11914.893617021276440937,0xa77eabce06f17a01092cec9511f0a5e0a0d5d3d3222a2ddcf93a5c0e3d1105c9,sent
0x14CbD5047f5B0bc104401309D542561048740716,11914.893617021276440937,0xc52ce095a25fef0315bc5aa1a5bbbe9eb4aec953f6ec1ce97e31cb7416dc08da,sent
0xE82693CE716E270808f2C5C114CFabf8F601EE5E,11914.893617021276440937,0x29296facbe59ad4d0565333082e1c9a3ef729de698028c5c8fc3bf8c21d68c2a,sent
0xe82C8E0a3ba7Ebe61937358AB83E8746B67C4476,11914.893617021276440937,0xfc7506ec8cf9d8301cfa2b47e70e7855996367636d3f5edf57cba7567a31a0f0,sent
0xD66d142C946Bfa5A6782C4d062CFd529C528D9e7,11914.893617021276440937,0x6bd42afe0f3470b35ed8185471a869365534efdb9a6bbeddc70894ff8d3a3f98,sent
0xD5b5dC1f39664f24AAA846F826C4e8237a15920B,11914.893617021276440937,0xe4f5c68307dbb4d8d0be9c257818905fba96b5e0eb65a3b1ed1a117d3e32a2df,sent
0xA50484D9aDf6ED8B3B9C8fA2c1AfA04262aE4Ad0,11914.893617021276440937,0xe23977ddd951891ad258887a5c3f4f786c4ad111ced5e609dd1f816fb0c51926,sent
0xd094C6C22ee0C3D778a3c6Cb774bC3ed3c2F78b3,11914.893617021276440937,0x8642d6b050f190fd9c4453a64186fd1346dcfe6f2200f36b02f164df3a85b6f2,sent
0x755e61DD4adc1B942C4674dA9dCa592162C97648,11914.893617021276440937,0xd66bf183ec9a7c8eab2b1b167c4e310515f9b76bda697417e02c5b4b02f7e8a3,sent
0x48804C918aeb036446dC85c626609706E036945f,11914.893617021276440937,0x64b0953af22b52faee12a121a98c22f670a0647989c32d3c476cefd203507f35,sent
0x66764c0bE6744A708bd690B43a02597A13F8E1B3,11914.893617021276440937,0x00c79723e3f6e23776cc44ad8b748cd85e59df91641581e7c0d533ab53d9d6d3,sent
0x500bA6a8826681866e4A4611946D91758661386F,11914.893617021276440937,0x25137c48ebcfc2f94594f781965280c6a622788b87c4dde7c8e9993c9a563b2f,sent
0x4aA3D8f9F3C8e437a6A307b160E74D663E83dc78,11914.893617021276440937,0x1f632b313609c5d72ed955d04a55fd53a676cbac2d261a1c0cda5ecf729ee862,sent
0xB1f4ccc342745065E6bA19EbFCB3c03666C5956f,11914.893617021276440937,0xe51016dddf0d994ede035324518f61b9278a40e3916e18a74dd9d5ff6274e800,sent
0x7fB9349709E3cb459E17AAceF15BFcC8ef733536,11914.893617021276440937,0x21292fc617101bdd23762c13e374a7f470c56c153e80d442c940ea20b7ef5da4,sent
0xcc5Ff5C3f8BAdbf2819b98F0a7AfBF8F1Ea3EE24,11914.893617021276440937,0x49f6e0253a336040f9f09cd04992414cd077e43a605e4513cd4b1597d20b4d09,sent
0x7eCC4b6a2ddb370a7d037069eDB64f36116F053c,11914.893617021276440937,0xb35bec5b72060998fe7b15603342887c14c2e1bab7f796e1a4cbd697b6983ff0,sent
0x5D9083C8E8e12aE21bab3d4375d769Af97a468Ec,11914.893617021276440937,0x2f75cdd3d26bfaf37546f588571aee37efeb1b65c4facee650c1ac9d84221032,sent
0x271b40275a24D5c38144e3498A45a4324Dbf5189,11914.893617021276440937,0x04580a13e597ef59bdef151a63f502e9597e4ae5a3ac835e41b7360ccc9b9d73,sent
0x14Cb56D156010C2E7A0d662c29f77E5Ee73C925D,11914.893617021276440937,0xadb1ae875aa6b813a647e509a86ea98d7564d40a41d375050e5fe09d5b24ec09,sent
0xeFc7Ef3bEBd0a33eA7cCC948bd016a68Ceb54176,11914.893617021276440937,0x4b0fb63507b2fc9b9c15582ccf1ddb657b7a937fc4d03c4bc7b4df00aece757d,sent
0x5670Cc1e383CbA1eaDfBd4Cc8e0b7C42B16e9eDD,11914.893617021276440937,0x8bdb64c206b038f745c5c6d008bb7d387f1023138ff5ba79498240f0aec9472b,sent
0xea676071214CEEC98216614eAA5CCD5c72aF1FE7,11914.893617021276440937,0x8b8f3a974fa7f69f038e80c8b14372825876ee360ed409270b37cd3bcaa4914e,sent
0x513D2660c4E6Fb3024c483a81bd4769823E01697,11914.893617021276440937,0x072a4cd18273c1b24cc0817763bd758802fd5487612c3b516177b8dad60c188a,sent
0x805D8039d55d7bB387D63B12d70EeA86E168E0Bc,11914.893617021276440937,0x1c40773a5b4e32fb628142d8399d7ea6cecc4e3b3f8ce71c95fa478ee2c96f0c,sent
0x98107dB5D4B25797dbD6573D06C778306b373105,11914.893617021276440937,0xa65d4d9d55f33aec1388df7f2b1654d8e009923852bc80eae3bc1a169fad8a19,sent
0x60B15CeAa416794A29420340B7Bfc8b4D30EF88D,11914.893617021276440937,0xf4ee3f362290f40ae69d01fb8274a9b79aee2adec472ded07d8d32895379cee4,sent
0xe73EbF7750235C03DF449AD2Ae6d816D0B24C27a,11914.893617021276440937,0x5c48cafc48a6e8c1cf931f7d6ab0528c339559acef9ca35f748c31f0c40edd06,sent
0x064adcf9255ed6Af19D1aa5c37cC602719727D67,11914.893617021276440937,0xaabf4128975642d8078fdcf47c5305a34dd59e9fe3adc320819cd9e441a1e058,sent
0x250391D15E0385ae25bAE20c3CBee9A554Ba802A,11914.893617021276440937,0xa9724998a82882ee6f6cec0e69267c2a5f978be5637f608bbb1b2ad82e61d090,sent
0xd7Bc3e59E8c37b392f4f7095749e4D0E43dF3D89,11914.893617021276440937,0xbed76ebdc7cc994d888b84eb944d3a72ff71be83dd9c5f8f381ef771e3bb8b11,sent
0xeAC8058c1624886E3cF9F5a2a9dC72Ce61b56cec,11914.893617021276440937,0x1198574dc9694278fcbc6225fde0dc3274c0b4bc272a5c387bc68de79b1d5725,sent
0x11451fD3c1526a4E92Eb739EA9a8507Dd4F8FaD9,11914.893617021276440937,0x41f79ffe2a97fd977f0e5c7f9d6df6914a3b79f9153b78278f301e9156e5432a,sent
0x47f5C6DC1448E43C4381208Da8eAD8Fc2f66d0f0,11914.893617021276440937,0x87652211dece602583822359b1fec0582f56882b1c055291ba072e436ee8c99c,sent
0xb975f113Cf435d747bf06a10f4684080C9484017,11914.893617021276440937,0x8c379d0096c428632b2fee125eebdd31f03a0d96cbe2ed9f467c1f62602cb0f6,sent
0x7876a6b2B13255e22C08c2f20e5c7Ee256fd520A,11914.893617021276440937,0x280992558b21db13ea9e1a5dcff90f057496ddb683e241ebab020a56e9e0c7d8,sent
0x3ec4484Ba3BFacaa194Fb35d5d1b44B8e944c413,11914.893617021276440937,0x6d2ba57977acb63991d7236c1a775bf7363415a79c16f7a099f789404eee0ffa,sent
0x9925BB6770Cfa4ee8dD51d845DE69D6ECC5000f3,11914.893617021276440937,0x3efd561dab60cfe018abd03013484f37c6ba121d5d5cefcae9e13203234f123d,sent
0x545ec9D6ACB24f38Ac345127d659ACb328651770,11914.893617021276440937,0x1d6ae9356706ca96e0db8c5bde065e6eb7bd98fd4958062432ef3435f17a1a7a,sent
0xF67A86eC22f908f88D9E5ba0Ce404eae0b8C5568,11914.893617021276440937,0xd9a981f49fc7f3e2567cde6083d76e8ac743378b73882820c7c50b8a99816d5c,sent
0x60dAb3aa34c7a92DF858914Bb74c2A231f8F0B2B,11914.893617021276440937,0x150b3deea233c063a164b22089453a86ca10a32657976208b4ac8ae192464fb1,sent
0x248a625d006c8ee4E932540A4F97C0D6b652E4bb,11914.893617021276440937,0xda67b5f3d7d942dd1cb693b90996a9a0c8ade0042631d06bb1430454e0725320,sent
0x1d30d90ccc7b9bE3088ECfcea461D4D56505fabD,11914.893617021276440937,0x36cc2cbc4b673a4cc9e4488fdbeae6680c115badb5002d83bfe8835dd0f6f22b,sent
0xe59da86d5Dd6e25D9f1ABEd5887524C9333e21DF,11914.893617021276440937,0x847ca3a6dda2e4b4c8a37c7ba60d04bd29a8f5ddd9c72e52f14b1e35cdf082d4,sent
0x53e1c783C41767a2D24a5745D302cfebF20909f5,11914.893617021276440937,0x4d532904c542e9c13857460f390a259b8c5c947dd89cc23961f62d09ffd78058,sent
0x36278DED640d7f6478ADA40Fc195DdAdd88Ed473,11914.893617021276440937,0xc6c0aebdb783fa48654a66e65078e3645930a84d7944527f34cd02cafa3dad7f,sent
0xe3EbE51E0b90Fa428C35b4480C20694D8EeA03C3,11914.893617021276440937,0xbee90d77b2ce01e53233728272fa069c0461a4b9a9aefd5f3d86a67ba0bb7f16,sent
0xbfFC5CBC2ECF153d0c28ca11aFA618281F545545,11914.893617021276440937,0x8fed9f64a3c275cfc3424a4e4b70326d119f50e52b979e76f7e89c1f02a0bddc,sent
0xCE7cA348Be9f09430877dDcD0CFfb6aD32bdEd99,11914.893617021276440937,0x6314ba053f2be5e0f89c45659a1c9499f7b259740437082b9e04cb1a45e2af4f,sent
0xe1208BEC479a02Ab429c1013B58bbc69817ec500,11914.893617021276440937,0x1dbf7c7c0a36b67106fed7cb578782ca4f406f0067f241f98c039e465a118097,sent
0xff05ebd0780eea40A239e2CFC50F2c7716cEFEb0,11914.893617021276440937,0x95a9d1023093e8246b6cba9d2fec17ecb3658501521bd68119036d329a1730b6,sent
0x9D741EE444C3985242c06Bbb7f1d7b2980394A5A,11914.893617021276440937,0x4a1a174a680450da802b1912bef73b0abfe8f5f10c43c3636e67c54f1525e4e6,sent
0xE3066CcA62567b7D62e96330D89408f6E32E77aa,11914.893617021276440937,0x8dc02bc97711fea1d49aec59b250a0d9e45901089cde9f624dfd12a072f75386,sent
0xa2d2BA4793dC92216768e9875A6c015636F93352,11914.893617021276440937,0x29c8d5271c21b0d3b0dacd6bfd8bc20af4be138801d10e81cb04a24f63b95797,sent
0x299C183aEcC2a66cEDf3672489a84F668Ea0E4A3,11914.893617021276440937,0x003f727367c9ef3cf72755469ccbec226f24e56c5b3cd33125708a2acc62d276,sent
0x13d8245d1c94F62094c339F1649540F7D3203446,11914.893617021276440937,0xd2f49d3daa4e4c2ddc766897cb92f1dc4ba5273a06b2f4e2db10acf8eaccfd81,sent
0x61555f907324CeaAEc2D10B62d0fA86870D83546,11914.893617021276440937,0x9e38203000d50beb1e3b238c2bebd3a216557fc6ceb11eb0899f11b705eb6ef6,sent
0xCc39f760453a5027578Fa7fA634f8bBc2750DcD7,11914.893617021276440937,0x0df59781480ef8496af0090283f7f772385ea39bc14226d7e625d35328a49999,sent
0x87D2160c2f8D52075607Cb942Be5f6ec03c83498,11914.893617021276440937,0x01cad011e15442fcd778862f0adb16881edba3fbe9c89b9570891d5402a373f7,sent
0x93E4bf2f9Cd21a012F24E2d8AcD04B86023CDaBd,11914.893617021276440937,0x3f6399e071e403ad244ab5ad8a4585f2d7f66cf3ce864518fb38f23575cb4fb8,sent
0x1BD1e2861E4faF593FC73716d17E017a8Ef603d7,11914.893617021276440937,0xd84308961f1f01b2c0245c6a630233474f6dc8b423a1b144d6201a3dcc23bea6,sent
0x7ce63f4577caD3c0Cf099dB8c4a07f70CB60F96A,11914.893617021276440937,0xe5e004cd6c6c172162631230239e41092255faf759735c01da9fbd7fd0b228a0,sent
0xedcaF60a6d5778284e5AcC55Aa8b85B7364D2e19,11914.893617021276440937,0xfd35016413ab61f69d5c80bb28a7e5c503c10f99bc9d40910ff37c7e78f4c6f4,sent
0xAA79F74b89f4C63C1b49335856316Be2C48828d4,11914.893617021276440937,0x858f30c1552a213c5ea394d0264b196b89bb22680834f87bed2862bd90fcb6d3,sent
0xF755A85f3cDC3c95589B0e4b5e2F5871D3A2906d,11914.893617021276440937,0x8d8708c6312ce799529ceec044bd0beff1c2e2ed5889ade6922011c4ce15f6d6,sent
0x816FBFf9e99a4f1fF28134467cC0c975e240EEDa,11914.893617021276440937,0x69186cc5ab234d7660782baa6a041d80df42e209528910f922e29aa43253d084,sent
0xf9c26e6042DDC368E7367ae600251b77B9EBA175,11914.893617021276440937,0x2f5f3d8b41f330fcafc8d87ca227143242504adee6ef3f69a2436e14b75f56f5,sent
0x052bf119d81D471035DAadF43ee372432f8193da,11914.893617021276440937,0x0b076e09ff84251b237ba3ec1621cbc44cd7245b9f1f28f7007425da66cd65cd,sent
0x042Da76cBfAC3b1E28c28dd617d744fDe1b2caE8,11914.893617021276440937,0xe2faed5ab8eb7e70451de6aa64e1dc2cb0ebd45483dc41b9f79c2d5ba0a7ffaf,sent
0x8E7f31BFC1b77A460E3a4E73e820A8bE66121A0c,11914.893617021276440937,0x4c0824e1b53529bc66c2bc742bdfc8694b515d590026da64166df5410c934d8a,sent
0x4de17b49a33d07CfCC11F8f223A869dFAC99E3E9,11914.893617021276440937,0x1985b0f9cab97c15f71f46416ca25aa16efcad163351a854cdea2436bec22e6f,sent
0x64940DFf822B7723fe80275f6cD42A6dc30a66ab,11914.893617021276440937,0xa4a72d5771985650f794bdb487ebe3ea0dd233073300d2a3fa004c8d166ba389,sent
0x75F46BC17857cD6dd0BFEbbA3D38741d210e4156,11914.893617021276440937,0x37e3ae8e887b4f1aecdd0ca8bf41a36fd530073a68710b2b04df3964b3b62c30,sent
0x07534b186bA917652fbED424310E52B1e15755B9,11914.893617021276440937,0x98fff7500a9352755549721dc3810d5233f976e67b2b0d53c70bf12f479c4b37,sent
0x5C4a5059b99D2Ae1A777416BD5ba7CB1Ce44a74d,11914.893617021276440937,0x49c0c568ba7ee357b3c14b3ee52bcf686b2b3d922ad23317dbcaf7d98481c3c8,sent
0x80F73d8d266f0bfc510a217a6c78b6D7fE2a2b72,11914.893617021276440937,0x00559d29e4a138b9083bb220fc90db867edac9c33b3dc9c3e08e67508333df10,sent
0x28532FFFb3DC2873419C3110173C2Ea7c81633f8,11914.893617021276440937,0xdd871fc9bb9119dfa9b6156d6058858ead558f599aa7c7da29e610026f56c914,sent
0x99cdF29762D4e50D9D386e117BBb8d2f3F44D4ac,11914.893617021276440937,0x4d2f56b3d2fbd19bc6dfc45f122d4e92b330ed9696b342368f4f1d6531d7103b,sent
0x65A5D79ee64DAf265C7f3D77404dE31506C3d642,11914.893617021276440937,0x01b27431827677ab12ba2c6c765239fe2fc0d9b33046a6bd6ea8fcaae144cf80,sent
0x0D4596Da0C86b192fD94b8274168580F633e0D3F,11914.893617021276440937,0x1f19767e4b359966738a522131c619352d2cca70aaa0bf2f102713c6cdff47cd,sent
0x1D527fffF4A0d163908648D46F2F78F6c37dfA80,11914.893617021276440937,0x6b2830b4bccf87e2d69e1cf62db05e1562b56443bab163575ca22f53f54e8624,sent
0xbd09C7B4F404362C6872213E40d8a5C0CCC076A4,11914.893617021276440937,0xb6f0db3b2fbf5aa6346321444d035f10cbdda59c05ebc33f79b5db07137761f6,sent
0x95Cbd8B1dF544929888E993ddA829C469581DB73,11914.893617021276440937,0x72c4af1a114c442b1370f08e85a94d0684f3bcc1c70ec67a3383b73903df8a7b,sent
0xc8497fDf71E25CdCC3148A4f85CCc656574e455f,11914.893617021276440937,0x9ffae1d5816e4544d0c80edc6b0d2a18d7a0d597c478fc778228df6cf8ada69f,sent
0x055aC374E567800462045e428eFaA94872998955,11914.893617021276440937,0xb48c23de87867942c50f57ec5e0283d1d859f76632f570fcef5dd9712d5c8497,sent
0x4cdC261CD2ddAA820aa964c5Db893462F2372596,11914.893617021276440937,0x23af1f1e55346f855105a0d5886536a25e857c608545ecfd139697ef1888a380,sent
0x519efaB6eEd65310dcF4154eF47901EA4Fe60e8e,11914.893617021276440937,0xb016281847332f056f57d933c0931dc53ec25ed60c64afae6a8aa42655756802,sent
0x8130A161d66dFd5F528Bf445E4b6928d5420eD6f,11914.893617021276440937,0xba83c1db7989a8d73455b903f53c69df5d37d93fd01e0172062a2eec54fa8527,sent
0x1E921775C9B95A1e24a81EAA409C14833f04C83F,11914.893617021276440937,0x72df04e97987eecdd3d0e206fb591977c89721c4a31ccf2a54c78ea54877ed54,sent
0x3B9Df50e314BAbCf2Cfe69F485CE8934294d3878,11914.893617021276440937,0xa9646961b40524abdb5dcfcc576cf5bf92392650050fece7206efad00921c4e1,sent
0x02012ADE263E29Bd92E76157841df0d9b0edD0fb,11914.893617021276440937,0x77464c682d6c4cbe5c1d274f5d416d7cc66f3bc2c6dc9a3323d025b462527bce,sent
0x27a42B158a9ccb2D09ab3c6738445C2cD914D408,11914.893617021276440937,0x39eca92b902ef495e72280f8874b26ed1f488d6ee15d322ffa80d54650ce443d,sent
0x42EE3464e16c61032D18FF4c3e7a66B59E2B5dA6,11914.893617021276440937,0x79cc05d2a69812547065d2fb7f57998174f5f941b2c0cbf175ef54ae7e70d26c,sent
0xdC94B56997a7a96F92bC0D5C0E7377053Fa886E4,11914.893617021276440937,0xc56679f35013b3c32fbd6929fe78546fbf518abd939b3da898bd49129ccda64b,sent
0x029d19BBAC17B3d6CE73673abC0F9f98CCE8FeC4,11914.893617021276440937,0xb945089cc9edba3b81855b300daf6e6dd6d1d7e691e13bfb23f83a424a10a829,sent
0xe57Bc16f54D66F75Ba4d419ff767e97DD5E10f8C,11914.893617021276440937,0x32f9a11a7a3fc9c8aa90f5bb24280a9dc609bee3082aec24650c9e757cdcac83,sent
0x154Bce956694aA1e6a92fD16ad1bA500cAFcC8A6,11914.893617021276440937,0xa1ada0845167d006dbe997bdfa49e59eda9f6d6589246ea31c93f5732396a3a6,sent
0x9dfedfbc2Ea8fA5feBc8F45aC685ad9675f8bD98,11914.893617021276440937,0x24652eda44c68f33788520db60a59fd825fd810955bdf1d761561f2f17dbd086,sent
0x8716377c41F9c489788aE0092D0519F803182ED5,11914.893617021276440937,0x14a73f733bd4e7b740d2c95c3e42704ac688ce6aa1177117c2690e1833b3bc78,sent
0x41f14C3F6fe8984E8f2798D5B87b7a9d2b481e67,11914.893617021276440937,0x33b43adec023b94f020e6571a2656792f3559e21c355145a2ce34b478573c971,sent
0x587D50cBfFb6Ac923F5d123ace6E2cE8Ac0F2692,11914.893617021276440937,0xf427ca305543dc32e9578d055808dfe529db0abf6fe0207f4e95bd113c3807be,sent
0xc46E8461f36c9232977B4B535DdA1Eb822327735,11914.893617021276440937,0x1985defad0d88d66bb3eef22a1cff9aa29e3c1d635b9a67b066cdfb45bdc99d2,sent
0x2318eFeB5dB968aEF082a4227ED892a50cad5429,11914.893617021276440937,0x6aad7f7a1a906a2227f82b5f3e5957965e77df73d0573383e6102a8114a997e1,sent
0x0E1564A4CAf306d5Ee0b1976850374E182b96B10,11914.893617021276440937,0x9a23f1e924a6fd182d316f6ac994e2439f3c1baee87518ec0d7bd6b134234b44,sent
0x535240e4CF5111Ae86e6328CE1bB3624721CF2Ce,11914.893617021276440937,0xcc3e87a412708e4f0c9b2d0551e8fdc4601de6853afcd45d8e3b73ba1908177c,sent
0x037a798BF5598AC06Db8b8983D4AbdBA23A223a5,11914.893617021276440937,0xf360a75b8f3cc540f3cf2ec6d2cb3bfe3aff314bcc82b3aa009a46bdb369b65c,sent
0xb53a93582633905B31f58b0c2D063D691315001D,11914.893617021276440937,0x013da3bbd0c92bfdafac22b8b728736c4e3252d7c2c3f6941f91e6824e2d0ea1,sent
0x461A8b72c1bb358C20703f5cf05125237d9dc329,11914.893617021276440937,0x00fea164966a1812ca120e7f5ed2e1f69c23a936c2de910610cfeb65891ede91,sent
0x88FEA87Ea1Ef86BA448794C9BE6BE76C3e3a291A,11914.893617021276440937,0x2985475f1181cb610dcbde68e62fd32ab67509ea103503669d4ba4f70410e576,sent
0xd45a52F0739bB3FB51541757CAd9f9559F7B8524,11914.893617021276440937,0xae1094edf93648b4ab4e43aa50540c2dfd4625d5cafec587b66d545cf798b025,sent
0xAc487013A6D8f1De2d7aaf95A267e69cfF23E42F,11914.893617021276440937,0x18b8e43d704893d77449c88c3451e4ee7098814c5d0abb9b2a177692651cf1e5,sent
0xB8EF84d74Da2A045676e59F5a1c3F12Fd5604190,11914.893617021276440937,0xbc40464021aab841c82f326521a5627082b1b15150954063e651e21d3907a731,sent
0xE9a202D92f0450b5464D8DaE2536FBBE36B87953,11914.893617021276440937,0xbc6932bae750dd37e99139f28134948729148775103d48d95fbad88ac41b54de,sent
0xDE4EfeC9E8851fD59C992c6899c5f5A10F472FbB,11914.893617021276440937,0x6ef0d90038410d735a3c2c336f27600d5220b340e70a634a25413f21f9aa763e,sent
0x37edF9d1cC7E32CD9DEe22f5346d112b670A0CC7,11914.893617021276440937,0x33f7f696044ccecc4a66dee42a1854c3b9a861c94c02e0186eb166c423420176,sent
0x4D261E92a43A85e205f2921fA05Fa8AA16804193,11914.893617021276440937,0x668b500e33b65a0a3a9dbacc0a49e460fa369ec14fe47c9da81f2125f7a6c273,sent
0x13FDEe1A1f2bEbF69066C1Fdea1A6927bD0C0409,11914.893617021276440937,0x76988b15aef9bdd162834dd39054f14db1a4765182c3de553d2d1d22b20ac05b,sent
0xa0367450db4fcF9C2577Bb268A44870555230f06,11914.893617021276440937,0x25039debad262c3dd9b56b156d861aa228b64cc3835b7b6e7875ea77e66276d0,sent
0xD34c83220E85705ad1434f55E202AB8bC0453096,11914.893617021276440937,0xeac75b1aea1430411efb44fc60e4c9742dcfe72bb543e6feb97c68fb1aa98675,sent
0x2DEF74a2a7B3596F499e46375003dea4297bD314,11914.893617021276440937,0x7692de0b42cfbec7707dd1d6bf956768a10c7a8e9c52fbce8d317a31fa6080a2,sent
0x994682275136B1BB64F78C44194d271c6C0Ea119,11914.893617021276440937,0x1d2b1bac93569f7a93f36f8d5db42cf3638ba5862cf8b662d622a6a842f73df8,sent
0x8810A9c839582C75fEa4483daB2968Cc5Ec9F41e,11914.893617021276440937,0x1fce9a4addb2e552bbd244652250262ae1419293c71a4d1b56640716d3ebf5a5,sent
0xB387289F0c3fC15947067448dc5C52b05C5B2AdD,11914.893617021276440937,0x0ff68330339e08978bc6e5483a7d681d2c02fe0ce07e6125b239ce58276be823,sent
0x58eECe6Bd2f468538a4f373a831f0E02E77Ae827,11914.893617021276440937,0x4268c5c28b068c24f1e31735bd6663ce39369e3e376303ce9a6edbff2c58b966,sent
0x58819B594D8BB7Cf51cc791D9700b0E511468d38,11914.893617021276440937,0xa8e491bc162ffc62e4c9591294d129499573f9d5663785f7504fb13f15b4a9ce,sent
0x3708195066860384c054c4242b38A807bF6CEbbb,11914.893617021276440937,0xbf1cc0dc107f459c97ab326045d2bea166f7973eaef50a7c11da9a9f00dcc561,sent
0xf64BFfe196423B268b10cf4b3dF93AD0C0ddFf87,11914.893617021276440937,0x3dc654a12cb66907b9bca89fe8a265662376f52bbc433408690c3eefd374d960,sent
0x5B056e01D9106ed5Ae7392E48376ACdCdaEaF84e,11914.893617021276440937,0x9f040e4cc900c55660b29e7780bdd026d21f57b138baa681523e45f4fbeb8d95,sent
0xA8E66C699e0A67a04dEc9822512118819e61185C,11914.893617021276440937,0x668cb6acf6a293c587a97265108d58e3a8ae99851f6702c0839450d420569c3f,sent
0x003755d72073881a6C91Fef8eba3f9bFCC86c564,11914.893617021276440937,0x431c2de500badc9485e808ccdd5f53bbc5fb5e693d3d80471083a1bd7000b6e3,sent
0x432CE5d1A1454d0751a5AC43941a976b98904f3c,11914.893617021276440937,0x96a3ad1e4733617c062b48b6ce8744076295aefeedc70ec5f7089f881ab7efd5,sent
0xffB0EB78df3c2DDCA75f65C97Ddc9df486F9B632,11914.893617021276440937,0x64ad72f3201311b9e4d133534fdab87d98ea0c7669af53f8eb5a7ec04004a530,sent
0xcB43c7eFc667F9796172C96B357Ef6Cfd243FDf1,11914.893617021276440937,0x60f46d844edfa423398c549a12bb980d1736773e9605c33f3d19cc0f1c50d695,sent
0x8Eb6FEF49875BA2cf50079df2A5d18094B8187B1,11914.893617021276440937,0xe4a782095a16455da4b42fab84aa0d40f1621696e7da7ace22848e35f4656b4a,sent
0xB2f88d01045786871C634ADF7f7F663BF65Ba373,11914.893617021276440937,0xb7ef9d2373af8fada856c69a773547cfcb45dfe14122e835631aafecf4f1e669,sent
0xBEdf6b32c101D68E893f95e9F571f671B7A0d2c1,11914.893617021276440937,0xfade3e823c1b6d819b104ee5a34ad168cbd5661051c83895610fbfa8f7831e7c,sent
0x5921b6Ce875935b5598719971aA81ce47E2a214e,11914.893617021276440937,0x1192539f146b377757240e27b818764ace149d998522b3105981e45c238b739e,sent
0x160b5e13b4E5646e4F9Bf00F8E65F96950F61919,11914.893617021276440937,0x07ca9b1bb721bf1a53054ca36154e08ae5171a6a0f598430e2eeb5880f915182,sent
0xF0D4baC878BC2dBeF8b2729930aAe7A565E69D6f,11914.893617021276440937,0xa2b37d8cac54c64780ed8617ddb906d319237ed16ca2888b981dc0167e945299,sent
0xCA3f09C9B7cC4eA9C4fF1ba1bBD7d55BDc505E30,11914.893617021276440937,0x4e14fe9f4ef43a0fcb598b2359d11d92c3d173d79dfd8e2965f1d31a088783fe,sent
0x80a67EA1Fd49d0aDBdC930822386F177FE68D308,11914.893617021276440937,0xa04dafc4844ce99735feae99184d38df391c10f18f8bcaeef35ceeee355f4765,sent
0x50bd7203AcBAEbF5A9617FBF5eFBE04174A0d589,11914.893617021276440937,0x9890b657dc105ca652046ff7666bb1eed2133a483317c2e0af576bd9116c8d26,sent
0xebb21a8f6f678647f24Dbb1FbDcD9A8b44a6f44c,11914.893617021276440937,0x37f2347f51e8fa7d44ef866cb67ceccc529c32ad444ff8422f52459f127fda53,sent
0xe7449F688321c4ae78233d28B22644c889C6b8B8,11914.893617021276440937,0x46063df1121ac8a908f62553904b69f6b645472f193fa226f4a1322bc6fcf7dc,sent
0xA5c98cfA90ba04Aa7Ec7d6fCc09151937535b3e6,11914.893617021276440937,0x08b6863ff2ecc4f03d059caf6e66fbbafa150ae614df8393a67fff6d3e9c7f15,sent
0x6D8b4efcae7614ABF023E524f91e67904A271E48,11914.893617021276440937,0xb0f8a900c7802b53afd4f96529c5b05ed59035a14b76fbfca78f3c55cdac8235,sent
0x8689E5e1083d38fb706AA748A9b29Cbb0B4eE05C,11914.893617021276440937,0x83662759b22c294f61d475991af72e522f8118f6cd9aeaad89f8326c9cdafbec,sent
0x32cE0FBed5658d2928Cfaa760cD7c255Eb6ac048,11914.893617021276440937,0xbee1c5eed757dd2c5a2d33d514c1e99438e9445a002c48bc8959a85aca4eddb5,sent
0x59dc4c0D720033d81d83c8e4f042B5f1D0599Afb,11914.893617021276440937,0x9c93f681119d6095e7f3b888c1f98d93fe760e2a91e3554505bb07538018782d,sent
0x0D946C1D5394b49c259CAA4362FE7f74786c4fAA,11914.893617021276440937,0x8d714dc1eab3a99857607878f7c08ea07504fca48af626ebb8ab91e2ba8baecf,sent
0xd130f3aDF60523B85E471b2a1FD2625360fAbC26,11914.893617021276440937,0xa01874e719d39de53fd08384ba697fe1e99893385cea617a2c09c5d76ecbc6bc,sent
0x2A9df988C8EA9E5d993ef36dBF5d5a5B74C0f305,11914.893617021276440937,0x18b89ed696c02abb8a226560c6d0e2dfbbb5b47bca31c91eca6ee6d75145a960,sent
0x352c5F7C2Ba21CC3EE592cFc1f39697667D3CD9d,11914.893617021276440937,0x5dc69de6b4033f95465d86523270b469389491b0203e362b8029863077338f2b,sent
0xd6f8b701d20f879b32A48F5fEC1f39C9b1D3B543,11914.893617021276440937,0x8e7970f4484ba344f12d3878cc71755b16d8ca33aa8d8d13f9f260475277258a,sent
0x91e5810F458790dA928Fc8069F71a871bfD8fF32,11914.893617021276440937,0x3a88672b96a503bf732ad467856877af342563ce7c84a66f450ba09101dc8770,sent
0x621C9b1acD53b2a183Dc28972efe01944B886F1c,11914.893617021276440937,0x89fe0c5a5d0ea033ccf1e7e673ad1b2ca108fcd80332fd06151bfaf974df751e,sent
0x02E480b21402Bc6adE2e2cFED7ac67bB7cAbcAe3,11914.893617021276440937,0x88281d264c12a72bd86cc2b0a75cd41ded6050a24995697de7c46c2605448f7e,sent
0x87Ff1CDC11808899C4DE038180540a97b852d54a,11914.893617021276440937,0x82c825a55fbec3868c0952abd92c6f83f6172c84b2a8557862136c487bfc3f47,sent
0xd6425Ea656Ee2e074D7FcEa5B8F4691c3B219243,11914.893617021276440937,0x12e73e86231b97e44f917fbd4602a306b6ecdff26f9d5c3d8216d42cc0be156a,sent
0xE107962451231547C19c2eF7D7AD79e59359e089,11914.893617021276440937,0xb6d79fef24d0233aa5c2ced5182f0ef422f1f261af8fddcc4b9bc0bcddee2e7e,sent
0xdE3031884521FA2fD26636daA3d49F9Ce8DD91BE,11914.893617021276440937,0xae18f8ededb4af1326067d7514f3e802542db0acb6cf3329b9c152cfdba75c69,sent
0x600E1Baf139b83EA1553B7b6a89143DC4F38EC98,11914.893617021276440937,0x33be3d400fa089dc1a8f41983e63a7146deb3cbdbca24d6be3295c2d653cbe01,sent
0xAADc1A67680983DE0bb087e1AD8559f3E33BF81d,11914.893617021276440937,0x6733de60f5d3a02ce1ea281dee3797cd5a779569bc3f41bd9c6e6fd748ed2eff,sent
0x3B0B7598Ec5570D39F96E03e1EE13886CE61d378,11914.893617021276440937,0x25dcfad7fa900325aca6a3dc2f2f79033972abaf3e2ad8042b96de34b0044618,sent
0xB9E1804eA5F16bf45656A5E5788DF0b47Fb278D6,11914.893617021276440937,0x9ee2519819a5177ba6019ac67b46c53a6d8e89fcd7e12898ce71b7fabbae7d55,sent
0xa9077BB1A3965BB3EeBf26343C677bdE491BC056,11914.893617021276440937,0x1c004dd0b3123ec730eaaafd5044eb778234b4ea5562b66f6a01df6cf2964b59,sent
0xd3C87C74FD3054c6631C8243EF2813296D354DEA,11914.893617021276440937,0x486195842f21f4dd21eb5032698f73393f70ebeb74bb10ed0ffe0dbefea79216,sent
0xCCD5728b94670bB8d689bB3413F941d6eeef9F6F,11914.893617021276440937,0xbb990080d94e28621428c539f18b9a1e96a4dbbf19c8e470dc222631e8b8a71e,sent
0xB99Ad348622148f4B0341cf02C0e9Be38065BCcb,11914.893617021276440937,0xbbc28fa727f28a1b4be84bdfdd2855b02d5a04565332c52532724a908911f061,sent
0xE185ABF22c69508d4584DBfC5E670A78e231bcE1,11914.893617021276440937,0x829fa2b90c6b7ba7bc9dc6660df7dacfecc6a699c019fca088ff816b7e6b4880,sent
0x7e8b4deF909f713B290FD180Dfd60707971BE2c8,11914.893617021276440937,0x93294045b2ccd65d5447c629a7e9240b18c18cc5c817bcc53deef5efb319b6cb,sent
0x5e6DBf1705D3183945c1a7b8D3728425fcA5969f,11914.893617021276440937,0x291137fdd723035434aa320f2de0069ceb1a96abff2a8fe89fab14717d8b23a9,sent
0xC9CFf22F114Fed0e241fc374C0c788fe864B4780,11914.893617021276440937,0xdc4073be3341a0876cd3f5a26d7a0a5031e00697712407450f9672e0d390eb20,sent
0x477FFd8a505b1944b85DFF0d4927F154770db09d,11914.893617021276440937,0xf06d129d0543011078d447a3e35c3098351edb06e24cdb261d3cb3c69cdd06c2,sent
0xcC336F78AC306cE66654675bd1B958d0d36071e1,11914.893617021276440937,0xa88c999dc71592a36322c1505723f4c48e182f4ea48606346f6239258dc6c329,sent
0xa4c7fd0f4e350FFf246F5D1eCa4a71f9c0C7D257,11914.893617021276440937,0xdb5ec13b241d9ad191b2d21bd214e0daf669129c7fcdf4d0aea52465f6e1e682,sent
0x4DC5E4b4a08eFE7B584e5b024994a7E25eE2B650,11914.893617021276440937,0x92e8edc8761dde50336a39534e76e6e24a0df79b9fae25bc4cffabfdf8c9ed0a,sent
0x8e751Ffe57916961DC5Ee49F800cd3AE3ce19928,11914.893617021276440937,0xfbed10a5047d8690157d7cb6f9f163564708b0ada8008fafefd8abd3c614160f,sent
0x17E6Cfd704e3d8f7BeEca97e68C9a9830fA1E45A,11914.893617021276440937,0xf18ebcae2fbf28a741bcd3ae93def70fdd17db9e27708830620b37fbdba91ec3,sent
0x6d4001161338D6f5911900f6eE5E1B4179650AeC,11914.893617021276440937,0x9ebdc7f3d128344e3805d50863871e3f50a4dd11f213820fc570e368a3c24441,sent
0xa0b530Bc54eFAa11E7dD89acC3f899872c284B91,11914.893617021276440937,0x51fecd97f5e8d457f5942dac1c4fd1374853d3ecef1bd7fc03c88d1c96af5b18,sent
0xBe630A04673bDfC4eAE934452e4BBC8b97E48137,11914.893617021276440937,0xfd08cbc4a11e3db1da26fb3927029938c18c107e5637a7288b7faf5fce4936c9,sent
0x69217D50D50c7bdAfe3A3366Cb1e09A4afa27B5A,11914.893617021276440937,0x740d828b98b4e37aa2c06d75563fa54200b96f66238a45c20fadc69892621a9e,sent
0x8a54D5558b749f50B7232C326e27394F68C74Fef,11914.893617021276440937,0x59bdc9a1474d2a92774b83597cf8265be4e1198068a5122d2da58bb5c5d95817,sent
0xB5538C2cc22f972d74A9cF3ef517151dBddd6089,11914.893617021276440937,0x6cb61792e09c0a58ec1601774571bf6f7bd559477c619ab4b9b98b74d9065000,sent
0x2793131330433Ed9A1614A86Dacbb1BF243Ceb05,11914.893617021276440937,0x279c58ac8c7b60ac27a23f73b65cbedaff92818c0916d1101cefa3b00984ae2e,sent
0x1F50D2bA41D7173b574095fc6FB90f034B0C2Eb5,11914.893617021276440937,0xe17f60818eadee72d8f63cde10963faf6dcf1de3e29cca91688c9e3df67479c9,sent
0x55AD19Ca6DB3F3032f976Cb71DcCDF17652BAe68,11914.893617021276440937,0x062ba3c1df01582c4af036d516592d1425b93b69b03d957d4f324fcffc536dec,sent
0xCc152E9FA89001930467d1E116256E12d83BD534,11914.893617021276440937,0xbd8f32be3a96769f951109ab74069b6925a5a2b0a834d529a2d0fd3f4ca7b958,sent
0x34D1914b1D2836E2b838c7c5cb64d55a5CEC5126,11914.893617021276440937,0x9a5e8ab3d14336cf6d7fef53a85500cbe34f25b8ca393256685e06269948d007,sent
0x13cafE2E235DA961C86D28f915cD4B7f47645Aeb,11914.893617021276440937,0xdea44f195abfcff663e666d404089ff11845005c6864fdd20c42c44eef51e0d9,sent
0x1BD9ba8e42573c2bf6eB30c1bC160880e394B0Bc,11914.893617021276440937,0x1015ab2d7130db6389625d105792902c2d2dcb882c5d7d22504bd6e330c88b13,sent
0xbf5bdf2ac50C339ba200b7a3afEf1A42D5e37ee5,11914.893617021276440937,0x9dad7095c2394e7d248b9e5b3758e77c43e71884dee63c907c352221146e1208,sent
0x5087538696479806f117f7956223db72bc28dd8A,11914.893617021276440937,0xdd2ab47df79c35c0107689094dbc698b09f6e6822a31cbd0d472ef421de3c66c,sent
0xF214Eb2cf9702a6f77F96a896E52Ea46527682bD,11914.893617021276440937,0xdb5bdf12e16c5fe3ec51cf86f11f089f1652d384c099780795366659c736bc80,sent
0x4D33053e9bA89D6cD67B7a16Adb157c10D7bd4cf,11914.893617021276440937,0x58e0c205b10e106caf62a1eaf6c08a5e27eb54d855e8f34cfda810c405eb350b,sent
0x44669c220859e29fac406927Ca35CBdB452eCa90,11914.893617021276440937,0xba5abfebf0673d53adec943f7d1ed39a6d83d2fb792396cf226472fc64dad25b,sent
0x5cA232dE766d1301eC4f8b45F0B0f66Dd47f740d,11914.893617021276440937,0x4836f25c29859a7123d5fc6f669988ef7dc750baea881e336446145323602e53,sent
0x675E1abc247976766fBd2B9Fefea2AE11D71AD8a,11914.893617021276440937,0x6c9da4769b37830dab2a058f7ae3383e4c8646b10b049f81ed541650ca978dad,sent
0xa0d0749DaCf5558A95e032CbA9fE5834751F0308,11914.893617021276440937,0x19dc0d7cd9af676b13cd21106accc705edae8d5ece70a65c8b7d279b8662260d,sent
0x5765B204FF32CE649fC8d2D67E45961D4a6B50Bd,11914.893617021276440937,0xd77af314ff1000278d813b586d83a300a8a849933d6bd9b01713064575d658d8,sent
0xA7B9Bdc1D1BD301A57ACfa27346d3D50D579C511,11914.893617021276440937,0xc2084ee0873bd52e44110650eb3d7d5eef282c45afdec8a22e062a7d1300f6ab,sent
0x269077adf244454637aD42c408931A17B7410f31,11914.893617021276440937,0x706dbaaed31a926408c98965c959a5c67d18fd6c1082897151cb76de7828654e,sent
0x0A08D215a2Abe69B155e44786E31ADDdE066b0C7,11914.893617021276440937,0xf47113a2e6c538141e9f30de16b679b0a7033b825ae0f6c52e5f9b3807df8932,sent
0x2A57f07a7fC25E6A4Ad8819098E78996B3BF8fbc,11914.893617021276440937,0xc5b445663850847c0ce2185f53e60a31c139d744870579b6f6adf0dbb1008229,sent
0x31c7afe897638dB50B727cb12471a811Da21C926,11914.893617021276440937,0xb4508f77f4e201b8e03d1f1f702cec85156f0f89146723432b541b92b4da110e,sent
0x4eeC90ffF4E19ADaA88B7993A5989cFACd351283,11914.893617021276440937,0x39a7b6ba9dc56053b20e49743ac553abc60ba5dac9e1552846a85f86c0a07e42,sent
0x5d6763BD159423640bD6e0c896008Fb07BA2FD2e,11914.893617021276440937,0xe189927d9e9cb5a3e3068cc342a0d9f0254ffd9574d75ea5fddb4c2efc180b2e,sent
0x470b386a4F5bD7CDfE72Bc9DC7eE68170692b95C,11914.893617021276440937,0x88e13e865eba698fac5dddbede5c23b679078451e6afdaa6aed7d34d809ce780,sent
0xB830180bDa5fe100fD6e14750DF17c149b3dF330,11914.893617021276440937,0x74c385abbee257db8cc57de217b8b4b0ed7c7d6de52d1596e52e583b401a1430,sent
0x0B16F25B8588a1837cEcB7dB248d8E777871D21a,11914.893617021276440937,0xb02bfd99d1571565f6f6ff76c8d6717ad4a745e5013c852321fab2fca7c92e96,sent
0x8A601Baf054044f940b3bc0c4AAC2bB76F62Cf00,11914.893617021276440937,0x573be32556e984dffabb5038a3a07911284ed86125d2e34266fac4d2e46d3971,sent
0xcBEda23170D1aB03a98b6E56556207c4129f4415,11914.893617021276440937,0x4f629b27b602585110aefc82485d0a045a9082860c0e539da572daba70488348,sent
0x27e08216293061449f2854629FD5D4f3A0Ad5000,11914.893617021276440937,0x3cd159dcacb7b095221356a5d202f39216eb093b363b322af94ba858eab1ffd7,sent
0x4E32434e318be3611425242C71BAAA40f6968E81,11914.893617021276440937,0x376a77886af66cd4f7f5072b5fcf7af3f7291252db55d11eb9796caa11937c94,sent
0x14b8816b3A5FC8F6856Baf4Ec5caD024bE61483D,11914.893617021276440937,0x1a7ddc77a916685338275697f125838bed41ada6ac95ba3eeb4552c753c8fbaf,sent
0x962D4974f9b9704f968ac413F18DD1FA6C7f3D6f,11914.893617021276440937,0x9fc693b6bdc4c8653e7e7ecbfe051cc918777f5ea2435097d56656152d5b05ac,sent
0x4CC90b9f36a2ba045469Ab2A3F8Ea6D434b05aA4,11914.893617021276440937,0x74d90d97cc694d772a132c042f078fda9e53d1190995cb03cd32f6943ae5f299,sent
0x745efA5848EF499B142c2D6E6E734768E4496a19,11914.893617021276440937,0x3ff8709c5f3c23a2f5912bf4b14c266b5a769f5969a1967b3a7531acffee4535,sent
0x30391D06f3733684c2Ee833dC40B610F5cf33499,11914.893617021276440937,0xc8db92d81cd7cc6daf834421e5cf63488b07f534798466b6286e63561d1103b6,sent
0x40fb983437a0Bf63b55E6B5d4234EE7698FA2476,11914.893617021276440937,0xb21265f221d5548840f47b0aaf0ce292918ed53a543452b4cef405e80672f96b,sent
0x23240Be6101488D915C98BE71f7a34ED50572Af3,11914.893617021276440937,0xdf9df88ae3445154e97f19a7e3793cce9f8757f690a6b569f2f865af1919d5da,sent
0xC3A416E45E3074f39A5405eA40671B6106b88613,11914.893617021276440937,0x06e576f60cc02111ff92f8dcff2ec22ddb4ab8a47c4640a7cf63601f2ee70336,sent
0x218421d908F934c1170895bF5AE750f52b91aF22,11914.893617021276440937,0x6a78a5551ef2ef3b442dc90897815f2d57705ccede1d5be7dfe5d0e7878382be,sent
0x795700Ae92a3fe1474e0947C757Db8143eb2fFC2,11914.893617021276440937,0x8c0eb9af09539f5d9378ec09a35bb475c464bd9f60d33902ed4ec5c3966dfc52,sent
0xF9750b40F389d93F7B9Db93c4a7F0a26BCfC9234,11914.893617021276440937,0x54f4e6b0593628a895722a0adb9f52722d7afe72386a1a47c1a43e1678d1853f,sent
0x4698EF64ED3f009e3dD7163F417bc3BBcF180fFB,11914.893617021276440937,0x74e48a5e7c1b31b6f9c0e7392dadf937f93bbfd06e5fc82f7d91683b7f99016e,sent
0x7ebcd1b2Ae269C6EA166039040601874A2aFb76b,11914.893617021276440937,0x2a3c27ec659a650b8855957426168b2c083d31eb29831698fbe2fd2b268a82a9,sent
0x95A32934868b724B83cC0ce0772975D684A7c025,11914.893617021276440937,0x52f1a89f11999cf15d918233986bfec102336c12ba69333a01defd3eb6bfd35f,sent
0x05a1BBeDEf2c9c71E669f3A9115CD58AD16E33B1,11914.893617021276440937,0x43284ebe32c6b13842e3dd3ba4b9778662063679614bf06befd43a562254ee12,sent
0x1206c2Cc45250489a441d48D685f08440397ee42,11914.893617021276440937,0xc9250013556499f3feb94f87a8220f9002118c8d16df12721dda1f68e53d81c4,sent
0xe9e7D0E4760552d48E2745B687A27FE376d84F03,11914.893617021276440937,0xec256517d2b2ea01dd45cb24c516ceef0385c339861a493814cee019b0cd5548,sent
0xB45D07df5feE00B1De541cAEf2E59d3b2ea0ca09,11914.893617021276440937,0xec9cc0e35223ea67de1b74ff5d5e14aa00f4f48cddb86d8324d12ec1e2982cf0,sent
0x60b3Af0d324ab8537bd6f0fB7495c91F3a5e8f70,11914.893617021276440937,0x353a751929959a30ab9734604f27c6a9b1fe09639511b7458aaf5d016391964b,sent
0x9a1F819Ce045dc2f4Ea4438E48D61682f7fA9758,11914.893617021276440937,0x7baa69487f6af021fc7d79e811f2f9ff85e8174d5df8987cf3bb2256be141efa,sent
0x12c3b1F95F9B43C348A2994b52C6Af24d59d9941,11914.893617021276440937,0xa39335a81bcf24359796f025a583dd3b950f20a953f229f3cdb505032b8b6083,sent
0x5aaa2D09736Ce73EFe9dDa503b0fd8b5454D7b27,11914.893617021276440937,0x0d880574332cc688f62ff002558394d1a1976b58fb4916a212bcd1b7159969bb,sent
0xDa4049D6D8D811Ff43D96C9adFE0F9257e561deC,11914.893617021276440937,0xf811496f7de7dcf03a4cd7ccc914edecb92113a3db03a856480ede924c24ec72,sent
0x163C4f7e03719ed8D41CE5C69b8b781efd019400,11914.893617021276440937,0xf39ae823b410c030cb3bcfa3b1140758da36f6d8b29fa8d1b9a54525f249d953,sent
0x18F3b10688954062D8520041a92Cfb8e609F4453,11914.893617021276440937,0x97ef86fdf5aac56f51d878490c50b3b6aa6a010b711c6cee69bff79233708701,sent
0xA40Ae3d47189D7b2C85a4645DFa61a3682B8B4E1,11914.893617021276440937,0xe6f824a0fd34741ffaf1d39e5beb43d73f037c8fdfa991ebf35dfc0929eeb47d,sent
0x2ABABa1364989F15c2E706559CE14bD16cdB72C4,11914.893617021276440937,0x5f68bf3397c5abd61bb8981718903e87978d5095f3a455e2d75e5dd0145b74ad,sent
0xAc7E560C37b0E49FFA454E1325250Fc2B580b534,11914.893617021276440937,0x6d84a92fdaf1e9dda3b444ab3e6c6214af56f17fe1d6b51ef2e54a0957617e80,sent
0xF9B3e370FE429663877E7d87bcFB9D1f0fa143D2,11914.893617021276440937,0x6937f50c2350ffcf6668e30fa0357d79d0837f8b6cd53d94db8ad87c0889cea1,sent
0x5DF56e310684afeE691c44480ecb9328F9a15B1C,11914.893617021276440937,0x93fc222ead3ab40727d273d672f4ac1ce9692cba326da6c8caf1c86433abd764,sent
0x4A07fcCaFDcAc7E4e0bfa905F6b2ac7C6264A9A9,11914.893617021276440937,0x67f0a01ce960f4bf4286bb24d3c01eeb95107e6d5f51fb97d7709e4a1d142cc6,sent
0x63eeCF0DB0B7c56297c7d22Ae8A9dd7e774d0d75,11914.893617021276440937,0xdf612d5324147797f7585532f920aa5560917f81c5e026719a3988fa8482b805,sent
0x2CC1E1e48a6D15cF816Ab0DFb5ACcb69b6a0eC57,11914.893617021276440937,0x515b3f5635d77109f35618eb313948dfc2340117f5be98727f005be2b415e984,sent
0xF312AD86F5ac6850BbC8bF000167E59546fd3b82,11914.893617021276440937,0x082634d2d24cf357f725f183831b90f791f74345eb66d985d499ffdea996bad9,sent
0x1220f8fbAf527748dc2F1Ec5ea673ac6f06aCa73,11914.893617021276440937,0x9030e0cfb345a7159e33160a2050a2b9c6344f4005d9bb06eb73ae277b0a1bd2,sent
0x5F65e64C034f2d18b5ccDb1A2fE44658Db09B989,11914.893617021276440937,0xe45065038b5b8e48ae040c0799c0758d4cb633121c5b58abf29b9b444ee65385,sent
0xB519DAcf1aF324543b1a50Fdd5373FdfC7c0c483,11914.893617021276440937,0x6a0d563f35460eef33a35b9b7803bc0f190154083df242b8fc3115c7192e75ce,sent
0xE091E369f89E9F7995941392c40D9b380D6dD22A,11914.893617021276440937,0xce6bf634929d2ee80bbc9e080129120585cc6617d917600b1f0cf606d89db1a7,sent
0xd8d28F2C34DE34d17b16A508E337874F5916463C,11914.893617021276440937,0xb07682a05ff85eb5ae4708b9b9dd85e44d5474854e777cd76aaf17c40d575955,sent
0x13b377536df8C72d76113001Cd2E453235f8E8E3,11914.893617021276440937,0x64e9570fec945abe0cba5ac09b06272d0d103744eccc52856008b00702920737,sent
0x364E29b321031BD3CBf13a02AAb04CDEB09bdcC1,11914.893617021276440937,0x3c326c5f1007ba59db1a2d0f29af28a9b71c6bc14091ad10116dc4e177f019aa,sent
0x6cee8849863E843a4a3cAa5658EB269a09ed387A,11914.893617021276440937,0xe0179b04147a627b44c8663b11a2bb42584a59ff189b19a486fecc321ce4e8b4,sent
0x6630D52974fddF45D083dcAEebCFB041f8495A10,11914.893617021276440937,0x926d22f51b72f3505ac2645c07a1056673fda70540a8aff9232608d1a1e6da9e,sent
0x5F35226db606Bc7e730acFE1ED38AD0458B1EfC5,11914.893617021276440937,0xe6ef2c28f98ed821f8bb49c0e74d98578cd6a57af5b51c73fa3d0e7e3813953f,sent
0x764E551F4d6C0466bBf069061a28F330a3584AD1,11914.893617021276440937,0x3bf07ac2d96b9739099f8d17d2831c35c6cd13744c09a4dd67484c26aede9aaf,sent
0x4b3088fC58F9D1AFFF2d4907c2977B0d8ed8Cc4b,11914.893617021276440937,0xdd61f9ec4da312516e367a22eb427b51f587e4ac26f54ccbae5678d6b5108a92,sent
0xE6dC309cce40465cf574270C21849b0fbB1Cf794,11914.893617021276440937,0x987d1fbb5f6106751a47825e291ba00303cda6fd266fdc92b46e781ee9ebbdbc,sent
0x58f22aF3A07eA9A4069FDE1E76781C04881BDB92,11914.893617021276440937,0x4de723ea11d5be21d8dd609dbc060c6c3048157e08f1029f7b40521485ca8e9b,sent
0xa60Bff6b247124C31497afE4f8E89b3DdcC5C178,11914.893617021276440937,0x3525fa229b2da2ae23fad5970459513beb784ee3c5ed1f7cdf82c76fcf286121,sent
0x79dc311c2f70d0caB09cC1e91110BA149D383956,11914.893617021276440937,0x13dd3351c3103861fb12292d7d6c4d66cf6a0b42bb11038cd1c1a66be83f0c68,sent
0xd221d065C1Dcf4ec72503c3E20428Dd037239c6f,11914.893617021276440937,0x6fc1d176d81b36dd19edd876afd294aae3d56be8f38b8e9c6e002412399ff969,sent
0x16180126A76C01BC3C2F61Abf0EC059ACC047E28,11914.893617021276440937,0xa9e8f2cf5e143a45c8931b03043ba10c350df183e70e494a0bf188e7f2562b64,sent
0x82cD476451Ee382e33B436CD762B8B59A4889BD9,11914.893617021276440937,0xbf7ff749b2332b8ced111371380950d9191fa60037b14d13dc5eaf70f8c1640a,sent
0x14B113BF20EC091f2A31FF61697d369C8ef9Eba2,11914.893617021276440937,0x249b59b0f8b50f430cbcc2bb87cb4dd7b5577c5ef4a5df82f2b2915c51617311,sent
0x469f958C8D9A99350C8D9e2265CfD6d46fC63C2e,11914.893617021276440937,0xebfe9fb6d586784b20613edc76f9849cd2adbf3a3c1e186b2d71a785181ec461,sent
0x1d1924165301E4C51e737861C378CA39AfbB190C,11914.893617021276440937,0x07ceca21b040cf01074ed3704859c4c472ec9555d9ffe3618abe30ebb1110cd1,sent
0x30991235D2760055cdb599feDdcAb2EFaC72B5ac,11914.893617021276440937,0xbef737477cc2cbf2d2e4a250397dde806af328a12b33421e1731500fe9d5191c,sent
0x9EE9C2B52ADc646468dF242fF1E36F08e16eE106,11914.893617021276440937,0xcd653a7d27863ded7d474a01824d3429ddeca30e49183711449a22d92691145e,sent
0x3Fe23527E8b450800424e63Ecc4c18ad6bD4f139,11914.893617021276440937,0xecb3011ff0924b06404c4dbfe5e148689444a4154db9da39d070a0e722fae1c1,sent
0x154F296E8972140fA061FD2023b94f192FF153a7,11914.893617021276440937,0x5f598f1e2b3f60a68c6de049241a42537f905ba8d9dd8e792959e940c294f628,sent
0x876088eC7E6B2DF4cb692951c50215009C3914F6,11914.893617021276440937,0x8afa3717d5e233ff888a2db15c9e9cc6144a16412701eb10b8623a6c5cad2131,sent
0x046E1228D18dC14da1a4fde4BA071A004e4f33e0,11914.893617021276440937,0xbe690abe0a13b8bd40f5e11cf03d7c3fa5e5aab5fbcb5c692a9f1704538186e4,sent
0x62dcA3D1024CD3c841c0D4d5BB6915C86418BA51,11914.893617021276440937,0xb97a4091031a7562d8d55428832cdaadd3bb9fbecbd9e61601f56661d00ecaa4,sent
0xE6e6d62ACe93d3Cd91Bf79Eef147a22B901Dc5F8,11914.893617021276440937,0xee9e6cb9ac4d6fa3009784bc27201c5e3018b58524095d632e29bddf97a1b025,sent
0x18d1F13FFd0AE9B288ea268C968768fE692Fc056,11914.893617021276440937,0x8c37c33059d5e06a725b18677913abd9f9d3dfa9e670ecfd99261b5caea4c395,sent
0xC1c88A0aBfeA922B43990aC7949afFf0363e8225,11914.893617021276440937,0x8a6135e79a0910697b1c62993457704d808207248c134fe4815c82bb654ed39f,sent
0xBA84365ebD9EE9599e4e5EaA9bc9D85229B23613,11914.893617021276440937,0x6eb43c735b6577c33abc499f79706cc6a0ff1a07759a8a851fb12ee6aaf4cc84,sent
0x835f346198990c95B7415A7ac68Fc3cB89249CC0,11914.893617021276440937,0x26760696f8b2a9d70154b634190809944369bb3c68d888cc03c8923ac37b481d,sent
0xB38273Dd816DD6756a9A05d154D3db157F8d3568,11914.893617021276440937,0x96d65e2188d8258ab97f321937b27988e0fd6275d1e8612ee85f16750b8fa835,sent
0x1Eafc06439047b2e5ba9731A14A48943B5B52a18,11914.893617021276440937,0x24415b3a9da63282222408e609b921da16db636aba7463fd6e8fc10bfbbffd02,sent
0x4e96D7785765a3B25a92613eE56a88d03F5b9b41,11914.893617021276440937,0x8ef15bd53b1ed98c63325428b60a6e7e8d3512a22407b44f3b00dcf8ad654bfe,sent
0x517d5D7A84CF4d02873e8Bf1237B1BD3e54ff370,11914.893617021276440937,0x7a52c91d8e75ce83749a40ff4f2787b16b9cab54659baa346ec1edb2bb453e9c,sent
0xb02a4Ed53B2Fc271E98418c5d4877D47a2b8465B,11914.893617021276440937,0x5c5d2e448cac1d8cdf6d1db7fadcd1091809b87e0673e72f20689aa5df308158,sent
0x3ba0c547Ec6465ddB56A5A8144D6253756E67f7b,11914.893617021276440937,0x1d135658b1230304e7e40a6a907ef8678cea63055c74784a436f3c146aa0ed50,sent
0x1d0CD4AAAfAe7D96B2DFbA52080EF9478b044F76,11914.893617021276440937,0x2844957dd60a1aa9d3b5477a7a0ac39ff1be8a9979e65d4dce5e0f53424c4941,sent
0xB0c0A91dC7412a19C1a0B0529d17d728de97aBCf,11914.893617021276440937,0xb7a253b6a1e1ec3dcadc74baba7f58426a4998a0c05947f8478cf211a69f71d9,sent
0x549667236E8F6F027B39D7efBf18e1fE18D55a38,11914.893617021276440937,0x8b47561482cb408a9e9b0caa44e2b1cf91ed71f577cb5087ffd2b7b46b5a643d,sent
0xc56693F4aB45F70F41bd8b39fcCCeBdD67b25ca8,11914.893617021276440937,0xb30f7b8244462ea35025b223a5a8727b92abfba84daa32a2c9cf3c863d7b75ee,sent
0x3E0dA07d60CF2a5E36BD2557F3d5C667B8D09f42,11914.893617021276440937,0x87349558563fc37c972ebaac3672c806de6fb37306931fcb1303c99ab1372e0e,sent
0xD7A43484e36df6BD006c4199B5063C5dD1C2BDbC,11914.893617021276440937,0xe9ae59878bb201da44d70c7c0aa12daf68722ce5c250360c9982eec9f793e490,sent
0xbe99C03c39404a995dD7fDB5722c84aa95C0E2D3,11914.893617021276440937,0x4c04d7d966357b53743e3cccd8a7d98ef9119cf2abef31281d5915afdf1370b1,sent
0xbB2B9A0b29e6807c89fBBda63117547Eb4bF96F4,11914.893617021276440937,0x67205f0f38b232ca5af080262cb1b89ba806400a73f95e4ef1a231d57ae39e1a,sent
0x509675135F9B051838fE70c97872A0ceD82659DA,11914.893617021276440937,0x59bb1219fb903b0151adbdf41ecfd6d876259268e7edd519579e030d005604b2,sent
0xd43651Ee31b9D4Ac27fC181593963C021bf5Cc5d,11914.893617021276440937,0x0d3f1cc52db326361a58a5f5722d7d4038df7fa9d5fb5be42818517344db6ffa,sent
0x27956996718B68cF8ca4e8d0aEFa51fdba0E97bd,11914.893617021276440937,0x81ff1d07c61adbe7e7632d58a62fd44ee7f3fda655a2d8d06a10025ae1d556f4,sent
0xA68510c85F4D2F143Aa1C69696dbf59321B4F777,11914.893617021276440937,0xeb5797e7be7bc13866761e59f728d79546c28a23ec6c0373ab2d1d0b6f36819d,sent
0x83012B5E03e9a3168deaa10360Bd4673E2A51c07,11914.893617021276440937,0x79bd1c8d8d1cc2c2282c8f78c90c773d91d4056a9cf791c907141e79183ed621,sent
0x4552d7B3ACadf5cCB6bEbe32d15e5B9a6fA5378b,11914.893617021276440937,0x8522e59a663ddc8857d810d812c18e91ea7f9eb8d1c3f1d7a29191a49dc90f07,sent
0xf4fA9789fD38aC2a036c6eA4906bf1a50f08e08D,11914.893617021276440937,0x39497bd32f7c5864967d87e8a3b4accb4d409b379d2ce4c980ee90fcee34ad85,sent
0xdD8B70b0D31756C17bC3d4c9987AA7DE4B64A5Fd,11914.893617021276440937,0x7c4885a1a0e4dbb368158e2a9b6f401881c38a19bd63ec26fe50ac0ec03070b1,sent
0x55Cec1767adf52951a798B6c177e8e520766ad47,11914.893617021276440937,0x15df6336be090029f63a343d89dc2bd011cc11945472e071fc24e0404450ce24,sent
0x2350374c0823684eb2021518755626b2F3151cfB,11914.893617021276440937,0x6c9b3a4a1203c185dd4489a75115d9c7a3d97932da81f93eff1b53f43edf066f,sent
0x1FB20194098F65Dc24c700AfF68180F54661f0E0,11914.893617021276440937,0xbaa558f2a13a6bdb79e521f93f1ddbe5e2075728445902743f7274364f235d40,sent
0x4635421d32323f349235D4D3a614F95238845533,11914.893617021276440937,0x6d8e33098727d3898941be14517d0c74482a8b726574510245496306e266c6f7,sent
0x1b730e69a5240125426Af775D2354b07244B270b,11914.893617021276440937,0xa0be9d343160a86755d8edbafb5bc65dbbb73bf94a5fc6dd47ac6b182a6e4136,sent
0x6d2A5635716f9122E5f987C0A4AFA9f6e31542d2,11914.893617021276440937,0xa0cbb46b9336f904e1337d2b5886970df1afbd412814c69a23bd3ed0a4f5680f,sent
0x2BF71BB3dC318Ba1b0868EFEe388190a3DC87B97,11914.893617021276440937,0xbdbb24e70b900a1db90062d587c68f906be8c9651e609dc1e46edc443bb9b4c2,sent
0xe011c285AC82E664b7f7bce736D4Cd34eF47F4E1,11914.893617021276440937,0x53e2a7882cabd38896683bd31f5dc5952135e9fa69a55a60c4515de22861141b,sent
0x548E4362BB09874eEC9d6F553E7eF7167189a123,11914.893617021276440937,0x4822f5d71fc28fb0574705d53cff11f27e182a2d91a42e2c37204f0ba776f275,sent
0xa4bd9260e57b298933f4af578Ca5e597198851a3,11914.893617021276440937,0x4ec01a32f9613ea24cac894bc84f44170150d808fe34b36c693c6153cb45aa82,sent
0x6145c9C6e563490aA3d64fe8b5e4f444eeDDf3A4,11914.893617021276440937,0x75fcdf2b44fbf65a26aca81d1109fbf887cb2a907f5c2f5f8ef9dc96e8fa42a7,sent
0x8c6A52A55077a143984F77061f102b5a5be16eab,11914.893617021276440937,0x39fa1c55d931e0eb034174689239d57f042f3cf4cd19debc40092af0c9ada47f,sent
0x7BaAb2e2fd426fA235f5609e038C33b618ab872F,11914.893617021276440937,0x0e728b9d771ade4b6d26bcc43b70bb17dba513b211b4868f51d57b6c5f5785c8,sent
0xcbB77eCA07Ca2844737e0F13e0F5f780Ab4f0791,11914.893617021276440937,0x160a17a1b22fbe39283e48b69a4a2f002ab5e9f43c40478e51d4d8e3054e7651,sent
0x5304dAE35734049bfC52042f20c0a3460F033b6a,11914.893617021276440937,0xa335dc4b551aab8206a19b73067f4e96c1914ce8b2f88b207dbbc70ff7e2324d,sent
0xa2cC0fe3CaFCebd40c2077332417B8003cD98B92,11914.893617021276440937,0x115ab58847c4a0b5f19027ba5b1c580e1a9716530ece15919620ba038240ddea,sent
0xDEad1987AC9cf5493e7f5B95744fC941fdED13B1,11914.893617021276440937,0xb369c2d5fc1d726e2d7da3d2f0b0bf58effa35ce5d8f0ef8594ce3dcd5b349bc,sent
0xb7a41E0b37d573E7B854738A5cF85313009D5394,11914.893617021276440937,0xd973b45da557c6fdf7ecb4d8809b18ed8a5d3373afa1ba8ba4f45574218636bd,sent
0x38bF532cf57FaDAE4D749F6CbebC56A3F5E6029A,11914.893617021276440937,0xab8e11d8d1239e82460170d9ed832162296047d198de1465ceed2dcbab8ee3ff,sent
0x99FfbbeEa5460a77978C371Fe2aFA953116Ebb56,11914.893617021276440937,0xf0242615270298ee839a3293c9639daaf5a4b6cca078fa70243a27625da8fb29,sent
0x9D69B7A0Aa6EB71675097b62bE6E66023f0bD58B,11914.893617021276440937,0x1f5ef422b8b1056b250cc9ad72884cc5083146f527ce0ec6a04c401e82aaebcb,sent
0xE3F3599a61Fe017568F16db1B86Ed46379CE016f,11914.893617021276440937,0x26938ce8e7b506a8e23a2a97d4b2b02004cdb446513c467c54bcf208413b88db,sent
0x5A12E689aD542C32605461e3bF15DEB2A95Ac4D4,11914.893617021276440937,0xd64f4846697809da371daea0724721be6f8eb603bd2bbc9972a96290beee42bd,sent
0x2Efc20b2040BF62184f1F93C07376A1287Eba704,11914.893617021276440937,0xbe9ca4b3ca59c1571a4a13611c5d5ab155c65d18fab4deee8558b7df26f39640,sent
0x087A1037a26DFc682BF08BDe15B1faDF1c2e0088,11914.893617021276440937,0x7d7f2def563374605864f5a1a06ba3a99f41dfbfcabb212cece30d292d3afcf2,sent
0x48B6C46Db3e95002b1da28C2D41a263f6cCDDd02,11914.893617021276440937,0x056722c467579e0e6509a7b2d8d895d2bda60c459a203e664c97b8481f5da569,sent
0x8787c175E225cBF6d3ecb4912DB90e3AA4029256,11914.893617021276440937,0x0d0beacad320cf42b9a82b912f836685f2b77b82cdef5bfeb77e367bdf464492,sent
0x35374E707749cee2380419086D145FaAA4aBf871,11914.893617021276440937,0x924c670edcefd66e73a733aa6cc45ab94a76ee7902bf82f785ad9678b13a9334,sent
0x15Fc5939Cd22C47ca8Ed97b65ef38E77d4A3c4Ab,11914.893617021276440937,0x78a7561efe6902a3a54920ad47f30f31ec29e923bf4320125fc5cbbde32af024,sent
0x9C42601Abb56A5434DA1fBD80f4E518F29FC6Aff,11914.893617021276440937,0x5c3ffac216330fdbf5203faf504e3242594eeb02084093c639d13ec353a7e5a1,sent
0x6De63EE98a3331c1297C44E25783F564f7e3Ce52,11914.893617021276440937,0xbddf66d70d2bc1a1f3caf2252c16d67b9ee4b4172a5278b647e618b087d48f90,sent
0x56aBde04687fA5422501c3BF89f23daA6500AE21,11914.893617021276440937,0xc3cf96e7c0f8244bc15baef200d1f0009066bd6f59752bb88778770092724d6f,sent
0xf319C05C0cE3443778021Cbe35B0233Adfa9a1d1,11914.893617021276440937,0xb8974e50d8d394d6d1dae4e786d1e18321b5b0ecdcc742d7e0d7c469299f6296,sent
0x4934e2555b4db61539143c91820AE8729e057dcd,11914.893617021276440937,0x863d1c736ae8c380a2d11b16b9cfe34db73dd76559e685bbc63a6e84a3d2bf59,sent
0x2C2FbA25014B3C4385919B1cb78569a45504189D,11914.893617021276440937,0x509d6c684be16db48b24ee8024365d83f3af8a36c0a8f7373d0d880c23d98c60,sent
0xD6021A224cD79a44f4070c90840D3aC7cADE84f1,11914.893617021276440937,0xbbc61d71bb4a4a58baeb4617bd68571f6179c6848b123c5248605d7edcf0d2e9,sent
0x327D716ff83D5b19b0f64c13eC2A1A46341Bd69B,11914.893617021276440937,0x93298b08276f035db8404f36d0b3eb6359f70b1e24f6d98698c82944167e4a2c,sent
0xaa7d2c2876f320746802254C5A57394f905D296a,11914.893617021276440937,0x7ce1b0c70be47a6d9aa9e31998bb3b5d91340ecb7855bb1a40f86b170a149c95,sent
0x35728c59396a6658E375751c4989D8bBd91dc4DE,11914.893617021276440937,0x0a838ae723d86d787df2829b8b203974a9f2f5a6ce383f1c4cc6f81aa6716941,sent
0x839BC8D13F5Ba1A205422Cd132583719cec76Ae5,11914.893617021276440937,0x86667a23acac460b8602ec6a99df8209e0c10b48e89c901e766e03fa90780980,sent
0x4B05Bf6E40427C06046D744546C8E71F37f02ebf,11914.893617021276440937,0x7d58e0029fad33787968e9d47a67f99df8654b4eeae0f03d6930928bc1ee4b5b,sent
0x275Fb9901Dac94ee5B99953b248c82565f528Dac,11914.893617021276440937,0xa3b482e3ffce9a145a53bcaadd216380585238bd2f7f831b4e3f6b432f8b3ba1,sent
0x8c19e7f5D1A5188367a23B61020Fc0e75154355B,11914.893617021276440937,0xba57a61359c89c620ca215cef55a15870a3180df0f3dba7982bb7c47c17f7186,sent
0x936Ac5B88e552c47D9BB9035BfD8b5fB35c7b3DA,11914.893617021276440937,0x674cdc964b7ce63bb074a156892f00798635669da5cb5fe370aab698c710ac38,sent
0x78B8d9A5C531166120faF65D5b60703b31aA7B8D,11914.893617021276440937,0x07c9a48d3f543e54eba2d182ce1bd8da882d909e6be20f984f845b9b71c425df,sent
0x9c3EeDDf5E082b04E24AB5a5C09231a26A2Cafa4,11914.893617021276440937,0x5a55152d08e3db000428188ac2f2cb25d7069514432eb0c88f920d3b07ae3979,sent
0x83fdE92D2a7767DE11d646C0E148F99d9F3C5157,11914.893617021276440937,0x8dc6a28582d8783259a8c2f54844d79111c9367eb881b5e5b98231dff2b3f397,sent
0x88458AA16B40fbA125196306Ba44093e813bAB9A,11914.893617021276440937,0xc0ada3f02c68d8294c45f7f8144a05c64c0999e38aa78c583d38cd0ad6612532,sent
0xF08DBc61911E0CbD690606c3943D72263d0a99Cd,11914.893617021276440937,0x6ebacdccd3d4a0d340ae60d95f5c8a23ae4b6b35b0ba868be539d328cd649fba,sent
0xA5dA093A14bdE639c82E8C8F7B8AB417C700D249,11914.893617021276440937,0xd82d9f073413bf954d30cec10b4f5c026bc3f7e92ccad11754ebce483248602e,sent
0x62F92680E39f3830eaAd33922019ad26b260477b,11914.893617021276440937,0x930b544a7934966b345d881ee00f2aef74901f145af045b0f90dad8a3e2b6c18,sent
0x5ecd77e5336E44d366FC5dE50e1408782c4a3F20,11914.893617021276440937,0x0e6881ce963ef5af174c8fb9de8d421912775ea003442fe03787b68ee63647da,sent
0x19a6D1c9feadF7F9438e65232Bb0489adDD4d9f3,11914.893617021276440937,0xbec414f46e031eb967e72641d012ae3bdcac003f2b4394cc1ba3a5e9f20c0323,sent
0x3E43c1D4b39F9B59D8AF08Ca9A3bEBc9d931a7C5,11914.893617021276440937,0x72a05fb11dfbc85252526b113cc65c3fdee60784455afa96079d8d07b7e5cb4b,sent
0x5a2e6345d1c515bfEF32ce25cfE91344F3A939E2,11914.893617021276440937,0x866532ebe0f5055c18934349e42f8f60aed503acfbcb3848c7ae4ac32400ff38,sent
0x870a4fbA37622309B833073cEBDDC61dC1201d00,11914.893617021276440937,0xcca3253a90c66151d4b3ffb2c9bb957eaa38b6e880bd4fc98881dbe709f4f370,sent
0x87447fe5E9701B8EC12AB0B9ee09118C6EE78696,11914.893617021276440937,0xbf641d65a65df3359c9d5169238b3128ff53205493698eb48cc61f1beaac9d27,sent
0x8952032c0Ea670565D648615EC815bBF86Fc5d1B,11914.893617021276440937,0x997c5d4e4634eae16c7c7e44d691074ff7b0a8a1385948f6d1a4ff9a9d2dd9e3,sent
0xB980f88237b836828a2E2Ee0d5C6825355bF6F00,11914.893617021276440937,0xd8cbe718b26e74eb1531748783b5dd95d5e04e13116c7e61f9127736c0e65116,sent
0xAb5bD7A49E81626b5902689db0F83b9F26F38593,11914.893617021276440937,0x5739466f1709a5507e716e595a65f3fdde7eefeadd37555921012ebeb3115c71,sent
0x68c825667D253F0543A2B5F319AC2A588457D758,11914.893617021276440937,0x462ec7da2c36e1a80506b233d2fcd9c4c72a5f9299c5e960541d930d1a68cd87,sent
0x0aD1e76c6D5ef6496CF463B6a30653B0dB2F8cf1,11914.893617021276440937,0x4c6bd044748180e78a6ea43ee64c5cd5bbb218defbabc52d92ea28ec668d10ff,sent
0xb821fD287c4536F44A46db7720Ede4C8883B8260,11914.893617021276440937,0xf3609378a4bb92b0ae08c5ba3baabdac32584720a0f1ea01aadbe819f2ca1317,sent
0x3595DBfb98FbE6C6ee683e443C58f909742164A4,11914.893617021276440937,0xa595540a9ba51ef3943a19baaa5399acf5488db24549b6e7ca640b7f7b984166,sent
0xED9fbBE0305de78E653A970634E7503333329d8e,11914.893617021276440937,0x2e5b51d2b44dde3c979ff2246f2c2410d5d4e817b862e10ffa558a1c7f9a9811,sent
0xD291C9BC5a46c60Fd4bad236ae0A70e445AaDe8a,11914.893617021276440937,0x3b9816c4416cd9d4765cc66c59225fcd52b7e9e25812b27fda571eedf98a7d7c,sent
0xf9d8625a217805b05de7E29c7b6516FdD658AF9b,11914.893617021276440937,0x0a57f6a25888e5373706ce5e7396b7a46557197322ae199b1ca890ff3571de97,sent
0x5985ef2Aac75eaf70e58982A298d8Ec2924f9Fed,11914.893617021276440937,0x340422d15bca5956da05dd21ccb1985065746a28cca41e5b74ba47dea3051432,sent
0xfd587ff4fa6ACc8c0C04E7faC147dAa9e2ebcD25,11914.893617021276440937,0x25f5979d92e72df9120ff04ca01cc13fb45d1b8bed4bec5e72f3bfb0d74f3f1c,sent
0x44525cd4F2eDa68ce66C32d3b6b40fe4e8047D75,11914.893617021276440937,0x7c8210b249897dcdf668acc3a18acb7afbbe8e80fc4da93594a35c0771b940a9,sent
0xADca336E6dB5DAE24Ab42a43abc87fe4b725c377,11914.893617021276440937,0x4c4c84e732db37451a03c76e5961bc429115aa3c78bc3dc2d1a3d8705ac1160f,sent
0x22112584A88a360f9211Fb6A5A153efc14c6E766,11914.893617021276440937,0xa4559164ac18482714da8375be1a0e360cd92e4ef4fb1d2d4741c51a76733b5e,sent
0x74E7a80221f56736BB49224EdaF1DC43ADF822Bb,11914.893617021276440937,0x84a96fc70470e158bb05fad6b4858c020dcff2e332cef5308803ed04f8702fb2,sent
0x32b300e6FD87548fBb402bd5EA1ca02d3Be17640,11914.893617021276440937,0x5a4c801b574ed7ce91551ed1e9410da4533c7bd603bbd970dbf01357043c8182,sent
0xcB60961283d3072a8E46711C9600c4c89DF3DE80,11914.893617021276440937,0xc58aa9095672267aaabc2a74e4cf1bf322604fc3d9959ca289cadd6954122c6b,sent
0xcAA495Cc612781cc3Dd2f104B8307aBC7Ad21BF7,11914.893617021276440937,0x9bfb6ae9fbbd83bb761a5ca0738113036d4467ba108fb3c0ebef12c5e7226fa7,sent
0x1438a219d5bd7CCe4eC3803C11d530704c2F122F,11914.893617021276440937,0x17c4e867ae7ea4919dc9d6a23c8c3eb956e8ac3608b369a5fa6fa24d35038452,sent
0x4DfB5F42b8E27abCb3045e50982EB6B41d4a4827,11914.893617021276440937,0xa1e06db1397444423a6cc2cbc4b69d8dec75a9b59dbc8e233963a9667eb81ac7,sent
0xB14205104A38ee9d3075B6439FDfaa204bD20aDd,11914.893617021276440937,0x6a44e42ba8e63ad33e2ebbd13d77f1ee912bff5fabe5c7d5c5dd51b84097a76c,sent
0x39BE28DD857556F381057d099C1816037171aC83,11914.893617021276440937,0x9662d8dcd31d6f2745aac8b6c0c5f1f13e2a3b0020d966b3291b4dbd828bf44e,sent
0xeD2B96D474C18F9F35Dd17bc2C4ea8014c2C3493,11914.893617021276440937,0x22da06cf620e768f66c542735f4dffaf8b4e7003e2bbccbecaf73d0102c531c6,sent
0xd6CFF66c30afA7AE087d2982E8Ed822ACd23C838,11914.893617021276440937,0xb710645e32dbeee4a720114ca1dbf7becd845b96f55044d87e8d7b86663a53ae,sent
0xEb628c8F837C39c93C22F3F0610732B6f3f1dADd,11914.893617021276440937,0x574a21b824b5325c67114bfc3d007158807c618d47523ab408c42f37ff722327,sent
0x069449023cA1170B3D2EdD11e475c877B05A6111,11914.893617021276440937,0x4133b05ae41c205a1132df9f2180ab454b643e63ed0083fd073bdb506ec94ef4,sent
0x9dFfb5E3c8a8c2F8c6DfB6Da38DA7ffC7431DA76,11914.893617021276440937,0xf354e291bd08050232f0795c9a9d07a2823295d12610558dcb6f27fba666d08d,sent
0x855A219caE10C8CAd2864C42a45Cc7ECa4993d6c,11914.893617021276440937,0xe15380e005753268619bc71f89ae850dfc0c6229d76379eed2b63200fd7ca1dc,sent
0x70f1637d2824A33440093C296a328124058DC779,11914.893617021276440937,0xfed01ea0566ddfa874610b21e943798c4719799984418299d9302f6ed5d5dd2d,sent
0x2A2C0C9A2f4bE654286c38649c93a64F734e22C2,11914.893617021276440937,0x07b74ade239027b231393cbf87a59dfd7a889c44a9e316db800bab08484ff061,sent
0x5c15Fd4B6cf326272584cfD0E34fC69632eCC812,11914.893617021276440937,0x783ddea4ca0451cb862ee441831ed4fef6459cce22674ec7499dd8096848c757,sent
0x61D930ca8e9c78f5dB50943b46258C9540425973,11914.893617021276440937,0xd26370f68023886cf6f3720e0d9e3968965acb7ec5a593b91800e12de33c78c7,sent
0x0BE1a051Df5c27F98996dBA7Eb339F76e0cC2Ee5,11914.893617021276440937,0x632f156aa4b7b6d202f568f942bb5433c0ebb7634621cdee8999768353368ebb,sent
0x76aBf14EeED88331808d2cc703eCAB0009C2EB54,11914.893617021276440937,0x4e543a373a131a0d213b1a0d851edb38316b7adb78193fb8529522ba14373891,sent
0xA877695137272Dc7B8681BdBEcBCB57AB9F492a0,11914.893617021276440937,0xe82a15a17bc4d546b61ef2b5585e81b508a0b6b9f31c16e371a9ee33612bb982,sent
0x2943b13E0B1a5c76cF0d45C9914930a5348aaAe9,11914.893617021276440937,0xa2832d3e37413e1eeb260c61d937a1d3d96f43b9a714da6c52a21166e7ca6943,sent
0xFE7025665bdEAA7eb77D4505b1DbC39DA67445DF,11914.893617021276440937,0x40f4d833d243f6b20d9444fc80774f7b169914cb838d5bea154cc05feb954432,sent
0x180f1C509182B6A8655bccd6682F1Cf75661f7Ae,11914.893617021276440937,0xefada8647724353dfc46ceb7907c9bb0271847a822e55d60cc26811dff465e11,sent
0xAC919c2F82dfF127A7f75C0ecaC25C8EA80a3892,11914.893617021276440937,0x064f5f0d6d0c4bb0dd19a745e814f753645e60610d7e770e974de32f2e55cd23,sent
0xc10Abb0a3E3b4DC1541c5E8B97e7DF1CCDdc9F8E,11914.893617021276440937,0xd0210a1562c2eefaabbc474029ccefff8c1c792dd7b9ba532b63577f9384b3b6,sent
0xd9931711a10A7ec0EA5e59305dD036D4bc8dba7e,11914.893617021276440937,0x7997fa1e4e0a9155946b9c360a5bf0690784d63d21a03ae7915ea5b0c121331d,sent
0xd259EA1C1425f626A5aBAf441e4be8EF059a8b3e,11914.893617021276440937,0xb1abf1832b4ef079706929228aafce313f8e6152518a706ea5ac4c99c22149e7,sent
0x4f1FC60fAc85F72Bd55B13De3B5Ae375Aa2034c8,11914.893617021276440937,0x9217f4bc06b99a2944a22fa20b17b13c84dad5e7987545bac28035e436ebf264,sent
0x852b1EB9E43dF20a187068811250F9EB3a3b8998,11914.893617021276440937,0x4ee9aa1c2c12456e0d71b06af7c39bf8c96680bf48b2046553820da3aca52153,sent
0xB71a2a5A90C68b5C89a0d0F53e66d92dB4ee4306,11914.893617021276440937,0xcc358096cb3a98277be9481cae040f2f501d77a86c628227675840f58b09b181,sent
0xDE77a58ed60EBEE4043A6D51550E5EB3c3Ac1208,11914.893617021276440937,0x479338b0a7fe657a115c9c713e686e65dba938fda50d3889a38d8162738c0a63,sent
0x73Db885F5691c0549f4B25268c5a2587BD3d0475,11914.893617021276440937,0xdb5ecb0d3b51817f2bc211af424845741c86c3b90e45beb7208ddf741c810e4d,sent
0x6797D704cfb889EF539DF35A96C26997A969A7De,11914.893617021276440937,0xad68827925d8b15e150613af55520e6babc288cdaabcb83483d3808d2c7fe255,sent
0x1D68C4CbCB8C8F963fFE4bcbe660E68CF32A2F43,11914.893617021276440937,0x20f9148fc361dec6f3ece12367e604c4e7aab7948271cdce465b59d8c982cecd,sent
0xf5F2Aee8F8C2258E854142624De68D1Aa824A1CA,11914.893617021276440937,0x2db230e3ee2d4ea0e2c9f111711c400eba0e770d3d0c6fb2f5da9bec466cb6b9,sent
0x95Ab81809cD2b4b672322745aBC334E5Eb2a2D64,11914.893617021276440937,0xed2ef2af8c62081c0411094355e54a140a1788bda7d8785d103a21e72a82e732,sent
0xF6D0D1f2C2588A252696DC8C5E2F3531529874CB,11914.893617021276440937,0x8a0d56149b235819fa35b6d652281c70f397d6a5fb4b7a71360c2e1fa94c79ab,sent
0xfCeEB42C3fea8cb6D8797ef666A1323EDE03C198,11914.893617021276440937,0xa7667806149cae21d66839dbc5961432751cda838ecd058620aefdb05bf15f39,sent
0x67FBE081334E6E8B875b51851d27a56CFCFF5919,11914.893617021276440937,0x5c3b222d8664fe9389e8d4d93fdb6a3ca272a9430fa8554c483c58362916792e,sent
0x9AB35c6dC177750CACc454761edd35a575671d4c,11914.893617021276440937,0x032f3ad023f9cb14dce04eb2ec66aaa16b3e1b08ab75cb853729a818775cfecb,sent
0x8B95524Cf099BA9B65f14f4590f2128AE5E85828,11914.893617021276440937,0x2648fc682cfb7e26785938458c7119a05952bc3ff062f09c1da9144fd8734882,sent
0x8499474E50C0B754a06CB7fCA244DDdF764F0F95,11914.893617021276440937,0xa55611bdce76132e48a687b162131576b3b0ac65c67be2a25ebce700ac0bea8a,sent
0xad0DF36Aa11E094902D7f3E2d5e6811dA79A29A0,11914.893617021276440937,0x09c55c839b508cc23fadc070c5b9bb623d281f9d42c1ebd90547d8a2d1d7b72e,sent
0x520535334e9Dfc655D92344f208fBACD6BD24aAf,11914.893617021276440937,0x169e91bc64eb1d50f9c9d2770607a53fae2d673186ad9437804f9edb6c19e522,sent
0xdcD004f11557f89d608E9A7914fB09CC8584c228,11914.893617021276440937,0xfeeaf0e49994b63369829f0816c966aad0704dffd232626a30df90fdd01c5862,sent
0x26f160AbFE0657f79eC5D5A2Ffb1de6Fe8DbB7E2,11914.893617021276440937,0x641f17cddf16224617e86488ac67e7d8500c7614b7b7e75b9bb46f0fafe84937,sent
0x999011fA4882e0d5214Cfd20584ef1Ad4BedeC7C,11914.893617021276440937,0x2d735c0231188596265386b484b8ee1dc76f12fc5005ddf1aff22bb172d1e5cb,sent
0x297FBC32bbC98705854E1292732cA5209B2899d4,11914.893617021276440937,0xc02da9953ce4dc5f1729a9566c2ca889e02452eeaa9690aa897a0c390d8e267f,sent
0x9bb5C9b0528eE6582ae5e72C9C704FD79a1dcD31,11914.893617021276440937,0x5ca8e111d801270d44d17db6c8dd20df92486e1eb01fc7df021caed8892cf21a,sent
0xBfd37569c52B5b6fd3d813aB1f97b05F917A2a80,11914.893617021276440937,0x636273c3974c0c041bb1b3201b495d11a936040e50ab17241eecc81d7c7f6b7c,sent
0x0388b25AC5A22014bc87C36549292046dD7CBF6E,11914.893617021276440937,0x40cc66214ffe0e0cc71bf976d3c3ec137f3745feaa7c7f3b93afe29e82473067,sent
0x94993D777c64F5fe4e8dd01D2CD3F18b1C21C7AC,11914.893617021276440937,0xb97eb63c8c9d6bed0a20860b2759bc0e6d41469b6a6acf28c34356ad42b0e03c,sent
0xBa2cB941E5F50948A4e02e1828bF740EE23A2591,11914.893617021276440937,0xaa43716ece66f97c2516fb24e13d1fb6769db36560dc36ad7d484816a6133585,sent
0x537B602b4A3822DA0B4b5E0c0bf6B639075240eb,11914.893617021276440937,0x907983d999fdd278c7e7f8f5803a879b0d236229605d3a68d342d1ae266529ed,sent
0x71B2E8b5cb88AC6093e1A6bBF391f355f69a185d,11914.893617021276440937,0xbafe24de5c9d4609348dbc175415e13d41177f1d32934ba8875d99c94ae78aaf,sent
0xD094672164Ce713Ff209c19B7B07F1DA30b1CFc1,11914.893617021276440937,0xf8cc4b61bee755f5675d97e6dc8fb3bfd4b2bcdf56e5ced937dfc502776e5a27,sent
0x208A9BEac2Ca6003EB11229DE883B83d85701877,11914.893617021276440937,0x790b13a05d10e30ef68b30f064166ad02a392485a29722a2eb03daaeea9f8b79,sent
0x9bc5467208A34Eb21C32E22Db82a50eA0408dFa5,11914.893617021276440937,0x875f60ffbb4c1fc904de06a5873bcef422807e5d40df400f57bcd41ba35544f9,sent
0x8eA217BB485A0Ccc006E76FF6b6BdE07160e43A1,11914.893617021276440937,0xeee26246c4e112444b734fd6082565584a2624f90b376c9e1ddcbf65b9445063,sent
0xA2de3095990bD6C56BF5d6FC15750b06bfD20eF0,11914.893617021276440937,0x30377e645e342979b8fefe6dd804b72c4132e5cad60b6c5edc715e169a3eb407,sent
0xEC6760Af2E973c6943779E3bB2Cdc05d9730bCA0,11914.893617021276440937,0x452893c6b31d97137fecae3b1a197841fabefe4a8f74d76e32d7d586295487d1,sent
0x5C7866a21D6B99aAc1D05a580cE9aBF5dfD2d27C,11914.893617021276440937,0x6c3691dd858c409c2e39bfad4f603b4c18c9a3a958ab843945bca17d3b614862,sent
0xe809Bbf92743717c10DD87fAD270BD96e0d4C76d,11914.893617021276440937,0xeb68000a994a0036da83ae594f603a2c68bfbb9efeeac6fc12f147f7aa29efb2,sent
0x223A449b3ad19296B99b113429568b705F9f96DB,11914.893617021276440937,0xa87a096143e2246529688bb1214b4bb1d16ac5f8a5338fd3176ba3acb3b2dc5c,sent
0x094D9D5397E1fa112114468872C73F7d6726A8a0,11914.893617021276440937,0x6b0c9b089fe2d564d9748a508c5a79943ba67392b4526393773e18f5eda879d7,sent
0xeFEC9d0E13c099d33fc2ABa571F35682ed71A913,11914.893617021276440937,0x6590405c46c50fb1f54d6fa31e6be4fe5a1ce255c88722ca7ce5ed288887e861,sent
0x96fB0C5c130689c1B97F02Ae7d91469Bcc43fDC2,11914.893617021276440937,0x4fea7c99a509303d5b22714908b584f4d9d0061427eba749b0ebbf39f2f570d4,sent
0x53Ecfc111F9fc5C245ba7f49b9c5923ca52D63a5,11914.893617021276440937,0xd62b3fc58588f80aa0f4fa43471e6d1b813f293e1fbacb263e7b13676dff8be1,sent
0x35E427908D40660bA2Cf6fE3Ff681567d48f43f1,11914.893617021276440937,0x63de3cc5fa1768f6d0e82b346d9d41ffec613dc69ff0fa69a4ad1f915be3758a,sent
0x1704364d657Cfa5e7537b7fe41Cd82BF18Eb7dC2,11914.893617021276440937,0x92fe2d58be3c608404560d744e8f203af170a91469c035c77237a1e2ccfbb7e1,sent
0x1cbE99A204E8ea1C9F27259F6f30aB24e74dcce5,11914.893617021276440937,0xcec44dfe3d924e62605f38c87f7f6b65881d00b04ef7bbbb6189ccf35f643104,sent
0x7b9c4647103f57F005043454B4ED2041531836D6,11914.893617021276440937,0x12733c48c09887016038a25a7c16f0acc5bb5187f5c01dfd40e32a528325d254,sent
0x169cd48892c430acADa01dF2EFcD697eDa0Abd82,11914.893617021276440937,0x4c2bb0fedc8cef85211b9995a6951072c6d0fa107064ea3fd80450a60193e028,sent
0xCc02D9da24D07f8306Da82720B7BC804171F6191,11914.893617021276440937,0x9f4566fbc785d8d2e040a42ff9ff4a658f8b8d784177657ae02270f237581ffd,sent
0xD644B1518927Ac06735f89B2FdAa03d4Aeae32c8,11914.893617021276440937,0x46373e3c59ea51176f8030c5980e026f7ac4a3bd7b584e9687b7f5a63cc15bc2,sent
0xF9673D3380e76888dd256A4a8C3E554b9B82A1E9,11914.893617021276440937,0x33c0bd24d1906182711a13c52b1668b2c9646edd4bb1104bcf339e8029dc83e8,sent
0x03Ee385cc4b12D0805D7C2cDb2dB2Ea44F7ae19D,11914.893617021276440937,0x44e28885c2692a1e21247c866ce8e29612d5946eb0e2d88facd1891ff9e8067e,sent
0xf5BBE76edaa8EEA7a6e7EB85a85210B746b9cbd4,11914.893617021276440937,0x3bd422efc625851f413c720eaafbc967082825d49eab11d95bc8b8fdd49e1576,sent
0x432A379990C8D85a86d988bf8313752F75eE226B,11914.893617021276440937,0x1589db75386edff493565116d87e633e803ab65d2fca1f0c064cf78502659184,sent
0x995ec1D4D633671261d5da17C94FADa1C2bE9055,11914.893617021276440937,0xb98b99a5b9665cab45e6d0c63b0981c31f63380b34ea7663c33e48465fca3c18,sent
0x4106AE782dEd0A06091741436dF406496430d69c,11914.893617021276440937,0xcea95551a4f85fa9a47466543109c6f2470e3630ab89bddc9ea303f4c339224f,sent
0x0770578A6683fCd9a9d3F62b0F394262B6f40875,11914.893617021276440937,0x87b39e29913e5bb2f2abce178f430032815e489df3cfa94dc7d5c47835f3969f,sent
0xbF487a1455a5e9fabEA4E18F4E8E402a97cc0c77,11914.893617021276440937,0x9be2d1fe066154b54c7dd2681cf86553fc41be3596a015ace3b3d42d9b0c8307,sent
0x3466ddB960e8625e3904d6a44a3d76CA2553c6de,11914.893617021276440937,0x5e1642fce9a812dc13ca9e7b75411de52fe4bad77c492102e6d4b442393da6a3,sent
0x401901E0689191c51040bfEa2b9Ab9Fe4bcB46c3,11914.893617021276440937,0x1864c848ad290e4c89d4d6f73a0e4365c8e422c48f13984c1eb7c9a043a2c29f,sent
0x193ed06636c602AC850fd88E89D5d3F9051b5Eb7,11914.893617021276440937,0xd9764c171f1f8e903ad937c3ed3783b02dc6face9ddf52f19da94145cd24b1b0,sent
0xf29c05f80A8b35Dab22B6e37B32A475ABF6ec90a,11914.893617021276440937,0x61122fc2980e2b6f8872c1b499a05bcfcaeed496479c01a13cf3f439b97563b2,sent
0xB477A85533cf974dD346684ebd8BcdA3A250300C,11914.893617021276440937,0x17bf8f85bcf0ed2567d01a639c3da5b81dabe5bda46a99cc3890522f7debe55a,sent
0x05462A3c012A5f6A43B7e72012b78b21795A3FCf,11914.893617021276440937,0xa598f2fb488c8f5fbcf7dc6120db4d3d421d75ea7062c14ba29bca43514c2f9c,sent
0x5C6a423747f789DC2a1cA963963C96bd1E189da0,11914.893617021276440937,0x0e0eba2968f1f2939806c57e599488d654205fd6a214f6d12a5ee6b0f6ffe8e4,sent
0xB21584C570aBD5C8D1d2562A94e3Fd245C920A09,11914.893617021276440937,0xcc1266902d5f05f55b7be9802ced2f093de267e372c5e1decf215f6082e6de7d,sent
0x1bd5Ed347Ab0Ec0090fad15FE87aD9BEBDd2C548,11914.893617021276440937,0x340403d76deaec6757bc8ac34b6d459f30c4c82c486cb2e3cd12d0551f824f91,sent
0xbC6860f4B38019bE73116dbcc03efDdE8D356577,11914.893617021276440937,0xbbba43072c76a881850cc5679bd318a1888e9be3ded0e0aac333da8000c6a78d,sent
0x1Be5486524877B446B5506c5D5d14AF78A79FF34,11914.893617021276440937,0x5301ad0978a8178e1d5f8cc850874d8743a0a690a2bcd80e985ac3e6af5a4bf2,sent
0xd3e474867A4b4d73a8A489fDE1c0C0DB26549459,11914.893617021276440937,0xfc5eef8788c87ba0b04d0f0ec9ecc5711662a8066b889c87427334d56a59e83e,sent
0x72ba15cF8D12Fa841F5c029Dd780496Df155f9c3,11914.893617021276440937,0x0cc91073bdcd6dfa12b2160ba2a5c35e2cb35c572701fc87dae89252f0cbac1f,sent
0x5b5e9B90bA754141B40A2ab21FE8b7f98E0e027f,11914.893617021276440937,0x6d3431c1f5d87d89cfd917384dd8db60291674b9696716ce62bb8b3291a08d00,sent
0xf27f39bE20987d50Df621fC57f7187b835a02591,11914.893617021276440937,0xdbb02850e3b1296bdecbebd21f5292076aeb5a9b9e7ed923a122e3a21a62837b,sent
0xf898837C2384e037eD61c5F039981C817C7494FE,11914.893617021276440937,0xf2e998e1de45284dc63b0781d5da7e4257a5573cdc29606673bb706901d3bb14,sent
0xcF94d0E86D8cC4Cc26Daa8f96ed752f56fc68B0B,11914.893617021276440937,0x72f9f075909dd809e89bdc993a5d400baa908db07a3501320518393a468a7048,sent
0x770f20407E761F4f19E8A630d16F183722E9a36c,11914.893617021276440937,0xf2c8343304881c0e01434a925f68efba7fe313811beea0a81ae5b4610f8b23fe,sent
0x8b53103aB28EFDd9c3EEAa8DD6e1c1B25046dCB4,11914.893617021276440937,0x0f59b86f08cd3261d7c7afa14314b8cf5921568b5ed39c6792ef70659522dc4e,sent
0xBb786afb0c8DB5C80FF4048CfBE8E9170E0b4a78,11914.893617021276440937,0x522a322a96837241c2954ae25570238364f00baf67832625e098270acb0a32fa,sent
0x3742CEC7387436089022E3D9939fA0CD159f83e4,11914.893617021276440937,0x79b1b467c9db39002a625a93a70c21f601721bb928e54b8bca49234604d73795,sent
0x72a0449ef39325d74E3343F296cb786ce0C389D3,11914.893617021276440937,0x67d778e344629ddb754be42fd2fcd2f053955d50a7007d7f5571eec9811cbfb5,sent
0x9fd749a97f50a05a0e84A954857E0Cc6f8307Ba4,11914.893617021276440937,0x7bf5c6861d11bc997370140041a62d0380b92dac57749792266def209ae34f2c,sent
0xc3F92ACCc3271146f7F6af02A35BEbC0B1955638,11914.893617021276440937,0x3ce45987d6c7f10b022ccf9f8c306e6ebc8ac1f63bc8c0b8b784c2dbe8ffced3,sent
0xEBAE73807c44987Ad098e0D54CA708eec3589660,11914.893617021276440937,0xd3e6b10d80669065bc40f9484d5cc1bf98ee703eb2e7a2bda4ea86b5e8de4626,sent
0x82cB39D347FB60625Da32bEda27cD6E620A2cd2f,11914.893617021276440937,0x142f4d706f544755f6f31e0aa2c9dbeefd1aaf4d23d534d03e94603d81afd03f,sent
0xB131866Ea0a2F4B14D093ab577e6814d90BeD4d9,11914.893617021276440937,0xf0d58e5fbc1fd42cdcc55a17d7d4c5672439382da947dd7757445aac5a455cb1,sent
0x8df2e9f831AE9422034F6d2A16BC9Db49702c44B,11914.893617021276440937,0x9a2b0ef57568f237ea5cfe31c1a67a4fbaa4a76ab54214523ae5fcd08bad3272,sent
0xa86d2Ae4A85A8a190E7c0D6e1E1Ef3D3c46C5aF2,11914.893617021276440937,0x5cbe54374f4958e0094312926b1ea3fd4e7c4c833107b6965b764d7921d95d4e,sent
0xb46Fd3830E16dFd55A2f5cea837121B6fb16aeDC,11914.893617021276440937,0x4b0484ff7c9e8490fc8c1a39279319c9df053ec230df04d39949654d4d029b50,sent
0x5eF3aBe0C1036012701C9e16F4D96990877f47a3,11914.893617021276440937,0x07f3847555730c980bedd9ca34952f6a29ca71208e49d994982a168b4bacda0a,sent
0x882Ce9af531Ebe07e13e4aC99923DbAb30101e10,11914.893617021276440937,0xc4e25718bb3102e3434c1992388cca5578b7cc7105acc31b17a9af47d830f91b,sent
0x839E3124a6AFa3e399e5Ecf6600756a83820b7AF,11914.893617021276440937,0x49084b2b45f98394f89abf80e0dab25dffad84860f03972be312e39bc5213d4b,sent
0x99E9fC48Ca59FEE4Cf511c28064CE7EC2b9764F1,11914.893617021276440937,0xdf7b1950e9d2623b4fb811a839a913e1c7070a1d7a4a94fe8d43c34c0a27edf9,sent
0xe1Ad84e3107466472b5299bEBD412baD2AF19262,11914.893617021276440937,0x9f60df119bc571a96ed48f1401cb5c459059e35635d81bba1bca012346580d20,sent
0xcB201ba21B2556CB8da728bf22F21e81C13a3fEf,11914.893617021276440937,0xf7b40f55bd28d43b7e47a7a8da439dc017e6ed00b5ba65de238beb3b85651998,sent
0x8Be71E1BD37b3D56CFe5da6d2DF4787432ab89d5,11914.893617021276440937,0xd28faba45de8b81d69d1c2182b5bd168e9c168b210c27285252624d5e8b31add,sent
0x522eDd53077532170629bE0d700A404DAFe91E81,11914.893617021276440937,0xfb8e1936ce5af9aa935530e00983e7674a46a6d9db4917810bab927506d61055,sent
0x552f964Bdbd16a2e196576535E8251893e3eBC4E,11914.893617021276440937,0x1b13c7f1b33cf3a3f50c9e9acbe3fac3633c40ddcb19c2648e046aa3d74a1a8a,sent
0x63986e08b49d0997202E5648CA2cF01255176534,11914.893617021276440937,0x7839cdb580e583751c2576512b87bbb6e3e751645e59fdbd85b1b7aee65a8df7,sent
0x3DBb5cA6891fEBf32E2654662856492941E09960,11914.893617021276440937,0xd728de1d75d8e99fafe5ddcb252a1b0bbbf900859d4207bc9dba44e98e467a2e,sent
0x5917Cd0b98eAB0646CBaEEAcB56866c7F9F2b816,11914.893617021276440937,0x2b20bc02770105c9646d706959653a6801c7a6209fde1852fa7f28449fbcc616,sent
0xC82bc8E0756849069e5Be2C4eB10c27b1E70444e,11914.893617021276440937,0x75e713bb7d64dba6608fb00371470520d5b1c0020c6753cbe8b03fb3c56468de,sent
0xa084c3a72Ef84E7dD3FF41d6B9a6730C25b707DC,11914.893617021276440937,0x133079ac17f909c144f9f695ef6d90d10f16c76c9469e8ff9e288fb28671091f,sent
0x6e39EA93AD363aF399d8707a923A74b48FA66Cf7,11914.893617021276440937,0x6be17ce8912e2472541dc38cbf87cf88982d670a6d1987647741c0c1cf3e136e,sent
0xb0c050CdA1EDc558D71586b13bDd13912331DE28,11914.893617021276440937,0x3db9de182f0281653f817d84e1aebe4699ade0b3006070acfa2921a73bb48769,sent
0xDd3753581e1FafA54365bCa4796765381ad4B745,11914.893617021276440937,0xfcf0f33f41a78a1768ca65d4ff3e7696431d30edd8d037ec426913deabf7e9de,sent
0xA8bF3415f3f4A0CCDf6E3E540BBe7Cf675430CA2,11914.893617021276440937,0x3bac92d01951b6f858f77b9abd53f7b3cea5228da287b2ebd01d88f463b816e2,sent
0xe72180bd433E6331e415B0fe66C5fb2Af35068f8,11914.893617021276440937,0xd8bdbd7a06984955f24d0e6e9f8e91fc2a3eeb2013aad9b1542047969d38c3d9,sent
0xcF387783aE286D0693c6Bf1BCa37BD37523bef08,11914.893617021276440937,0x0818848433ebc15068ca84d51a618c1b23fe0a3d0f115554f8d98585f2f3ec8d,sent
0xcEAeCE4110cd02ca0900e291c1a7E094f0ad8532,11914.893617021276440937,0x172f3d9ce3704b98f311930e73fabc833c1b6ff1cc08fbecada9e0d56434fad4,sent
0x11181f30971F856874149983F599f88BFa77F162,11914.893617021276440937,0x654f08e19d0f35a6cd5bb6a9f27b3ea121ba9056c1132603c988249f4a65a98c,sent
0xB6400a4d32Fb64b9B23A3C8B24ebEc4475dFBaE1,11914.893617021276440937,0x71c2811467bb50a71705c5908282dfe6ed53418b4401eb523af3690f9b2582d3,sent
0x402C9e37c72AF59Ab546C531f9CA810Ed80D5cE3,11914.893617021276440937,0xe5ca1ea5a2452dd7718e59905970d729c7abfbc1f8bb43ab67ff83099f8c0d4b,sent
0xe7d1fd6E9208c4252f8fD982eEB6Ea5a1C35e546,11914.893617021276440937,0x0bcfdb53f7192147ec51aee77874aab5e439f4da0ff786c8a87504bfc7d24355,sent
0x53E97Fcf68bD959d4666E478F9C131B581E33431,11914.893617021276440937,0x29e33ee3d84b2ee3862c292e1bf49bd081fa804a842bb9116099fedeb8167318,sent
0x989F36C88779B52252a00325B194A97Df59124BF,11914.893617021276440937,0xe31a4f06fc5a517e72c5b724f19680af353bbff5ef380e1e733cd90c5026c3f3,sent
0xA434Dc759146803F778c572A7a08266E3CfA36f2,11914.893617021276440937,0x32edae27b498c4b0673d2f4abcd724e6791976be580fae1cbf020048dbb6d602,sent
0xcD721E697D6aA107F13841E9a2919f314d1A04E8,11914.893617021276440937,0xa0e9fb1316fc094e71badefe4b26e359ce90243735df9c1abe27af3893a8b1e3,sent
0x0855b4a66E15DdB3cFeA1dCca7C22d04b8860439,11914.893617021276440937,0xdac9569d625ac478f42181666d7acd002e20adf7f749b6a608bc70af91b92825,sent
0xDe30007a0A47C5Db66c090Af5aF2921c9Bdfa8E7,11914.893617021276440937,0xb1d3a36f7e0ca8f58a639cc858c43f6ea3f06529e544bb2019658671d9dc1305,sent
0x997fa01571aCf4F9c20EE58f0312bc3eb4cF2BD3,11914.893617021276440937,0xa3f77278d87ed88491fd37bfba9655ca93ddd583bd89ac00eeadf151a9075c15,sent
0xF2738354467A58F777aACFFfb295208134363a59,11914.893617021276440937,0x80ddedb4bc0449d8c19510807f29956dda509a59411276edb352b53fa5530386,sent
0x0d152a85A9CC5f64c7A956fE47e969a533Ac7F6F,11914.893617021276440937,0x0c532c7312e4da5986cd96dd24d02dd7ead80f50e7e813414bb4ac7304879e72,sent
0x6646789DCc9D9eEd7E3cF8FFCFf88E0fa458441e,11914.893617021276440937,0x6afc69ee9dc112861f43756ba6dc55162361a8267fb9cb543cf552539fd987fc,sent
0xD382Ef0C483d7F8A4c5D2317EA9bc3FDC6D66539,11914.893617021276440937,0x9d3865ed0b88d3c8a2bcc2f97763e0b3dc34676aa3c9b9e4244f6d94eba89b4a,sent
0x53531605372b128F049744913593BD7C890e618a,11914.893617021276440937,0x4bdb6d35f37d688a54e4f03552daf18cbf79c47f51d2802c8ada50f0c6ae79f9,sent
0x4C998d979B8a679d0B31EC25E3f62d94750b571E,11914.893617021276440937,0x9486c6c2189daf7445ef74e56d4033376843dd4777e0585f290ab367471e244f,sent
0x25a9D186337b998FBD85CE0BA74558283Aaf12aE,11914.893617021276440937,0x743c74bcb43d5c449db26daf0ea303d67344b066ddf3f9ce4646457a90780f5e,sent
0x75F9A409ebE11E70A61454d4ce470Eb44133D02e,11914.893617021276440937,0xedfdeaef0d6ecb5e63e3afdaba8a8a96cd09707a9ab263ab74d3c165ec01a33c,sent
0x245101B3e527ba8cdc9A75795d3A16Aa64d47C52,11914.893617021276440937,0xbba38894dedc8c627b0e8e340891ce162a5486648dec20f5cd976e258f111b5f,sent
0x162A80d041fa77b7c78750B1AEB61A753F02549a,11914.893617021276440937,0xd1e3f0d57a5de23420649e5c1d1c327c830bfc858ecce46c95d90e99914d32fb,sent
0x579f981f1aE3bA2fA70b69DDfCBAA600a944a503,11914.893617021276440937,0x65a51b706b2e5b2c3f239cc46d8f08ca813a37d33890f4f7d180a3623eb5e297,sent
0xb9ef8D6f5c71925B93603c6a39C017E80dd24b83,11914.893617021276440937,0xa8d6c540402b38e567b8e1047b65163d87ed4fc84acee74459eca49deae4a0d9,sent
0xb8B0450D4986e34CBAdf23B7e381318B02Db3ffe,11914.893617021276440937,0x4baa6d7155b874b936d9c3e74a569c71db45281dde4be2014ec1ddd174c166d2,sent
0x475E64AeC6942904D77EB4f38150d3454415E826,11914.893617021276440937,0xa379c394dd9e5781a67cc49985b959f3ad0eb4ceba29042c1d2c058706d8941d,sent
0xcC74FEDF79bf7788631E3bb53bF2B2a5ab639553,11914.893617021276440937,0x9c9743aafdf46a0f377e3cad61b73dbf8eb2b23003aea61ab477e7e26eb80c89,sent
0x29A5694Dfa1679c9571906d890D30Cf398a6b863,11914.893617021276440937,0x7cf71c43735652efcb2c8dac5ee9fa7f5201c8314aed1bdeb02a4883503e4793,sent
0x722cEBc9657B92b0bf11C811FF4F0C4c07094fa8,11914.893617021276440937,0xebfed3f630dec13b4d716ee879472f56ea9da6c34166d40e20f043f9af26497d,sent
0x896f99c3045A39e36DcbB7c64b236B3d8BED44E4,11914.893617021276440937,0xe4f9fda273dd29b204d5209928f9e3d76c9c66bf45604fa0ddfa6e9fd0bc6144,sent
0x42E605FA2A8302c1250D06A52de535E82ac4f976,11914.893617021276440937,0x9c235b2f6fb9ecb7f1c8be5596f9d430e82d7e42c78bdb6e3f0f400169e07f9c,sent
0xaa09AB68829CF2E90C5eE273B4961a7375D68ef1,11914.893617021276440937,0x39b09a438c8110dd3b5e8f6d10d183a753ce8320d391da6270b65768231bb8e1,sent
0x4f63364aB222e0A057d9dF21038Dee386dcAF1Dc,11914.893617021276440937,0x243583e5f27e2ebfb6464dc9cd6413364082fe1d7566654c9249b366720be246,sent
0xB229C947b4574ffd7baa8F9F1Fa4Cb04ef09D150,11914.893617021276440937,0x79c83dfd46cef37cd6c979a2f8ad4d6983b28cde9b88ab1fc956b3f0981b1de7,sent
0xc339373Ce9Ea1ebB56f53ee7382b61d2b4B3AFEC,11914.893617021276440937,0x6655c4ed013d218b5893d01c73eeefbe0e82805ebffcc1579e2f53550512553a,sent
0xAAFFbbF795e0dDDB72aE49e35fF95e68f3B15FAA,11914.893617021276440937,0x4469eb11b4df5cc127d1cd6b278a96777d3f40427d3adddab1a628029c217a88,sent
0x5bA2c17382D2Bc49C8a54DeDa4C616B21c216B22,11914.893617021276440937,0xab56f6e76751d508b5053ebdb95dc873374c6d5de7ad9d80e24e4caf7559a471,sent
0x5f01436d4F59405A4aeC1e80E93AE6Cad7f8b3Ba,11914.893617021276440937,0x0cc76ca600e5cfe4479560de51898c4d89fe4656c070b52fdea69d91043feef2,sent
0x271e49b492D07cB7FD33AB099407e24726e4a32E,11914.893617021276440937,0xd023475db29aee6278c7dde50364d003042e541279012c67582f5a578521269a,sent
0xfCFe6a60cf7fBff8502Ab0377fBAD0e82d7ca1aa,11914.893617021276440937,0x9b4424d4f1e54337805b2ce6f048e0406ad7037eee36370d25984f6a51be6d69,sent
0xD160398ad3BaA059C48d6ed5Ba4176821CeDffa8,11914.893617021276440937,0xfa7acd1ff27455a8031749efb20a4a33f12b3078cd73d2de740f5012f95e62eb,sent
0x28c59450a2C80ad01f3586EaAec2797EC8F03f35,11914.893617021276440937,0x87d92182ecf5b0759bfe22b6215ad6e38db82fa3c2fca6d4656d4e0c6d673aae,sent
0xdD8163052899691a89f84a9E8773a566AC3D5F3E,11914.893617021276440937,0xc97a7a9e1dc8b6b3ed4c702cbb1cb449b7b0f841d7908efa7a71b8f18b89ecae,sent
0x603E031b8ec2051D56BF7cC61179F395828992e6,11914.893617021276440937,0xd3fb40de36ff93871b507babf136820ce4369220f79c3c7fe2efc285dd1410ef,sent
0xb77B61826a955360Af06b0Ee0e5b8a281901C70e,11914.893617021276440937,0xcf4fd2d150295e4df25c4a24ca05848bd818cf998fa2f549d58715e2ded130b8,sent
0x5C8AC0d51E51007d24C81b6cD4B6990cC379a0ee,11914.893617021276440937,0x1a7b3e96a10dc104ca9416f9a491f2ed471a615e0a0c3972e263bd2fdad54d07,sent
